Old URL,New URL,Redirect Type,Reason,Internal Links Updated,Sitemap Updated
/terms,/legal/terms-of-use,301,legal consolidation,yes (phase7 link remediation validates),yes (sources excluded)
/privacy-policy,/legal/privacy-policy,301,legal consolidation,yes (phase7 link remediation validates),yes (sources excluded)
/membership-pricing,/pricing,301,pricing rename,yes (phase7 link remediation validates),yes (sources excluded)
/mental-health-adhd,/adhd-care,301,ADHD funnel consolidation,yes (phase7 link remediation validates),yes (sources excluded)
/online-adhd-test,/adhd-screening,301,duplicate screener URL,yes (phase7 link remediation validates),yes (sources excluded)
/adult-adhd-diagnosis,/adhd-care,301,ADHD funnel consolidation,yes (phase7 link remediation validates),yes (sources excluded)
/adhd-treatment-online,/adhd-care,301,ADHD funnel consolidation,yes (phase7 link remediation validates),yes (sources excluded)
/adhd-evaluation-cost,/pricing,301,cost intent → pricing,yes (phase7 link remediation validates),yes (sources excluded)
/adhd-diagnosis-florida,/adhd-care,301,ADHD funnel consolidation,yes (phase7 link remediation validates),yes (sources excluded)
/blog/all,/blog,301,content consolidation phase 1 / cannibalization,yes (phase7 link remediation validates),yes (sources excluded)
/blog/ambien-and-sleep-medications-risks-and-benefits,/blog/insomnia-treatment-options-beyond-medication,301,content consolidation phase 1 / cannibalization,yes (phase7 link remediation validates),yes (sources excluded)
/blog/glutathione-and-peptides-what-do-they-actually-do,/mens-health-longevity,301,content consolidation phase 1 / cannibalization,yes (phase7 link remediation validates),yes (sources excluded)
/blog/modafinil-for-focus-and-fatigue-is-it-safe,/adhd-care,301,content consolidation phase 1 / cannibalization,yes (phase7 link remediation validates),yes (sources excluded)
/answers/adhd-in-men,/answers/signs-of-adult-adhd,301,content consolidation phase 1 / cannibalization,yes (phase7 link remediation validates),yes (sources excluded)
/answers/creyos-adhd-testing-explained,/creyos-adhd-testing,301,content consolidation phase 1 / cannibalization,yes (phase7 link remediation validates),yes (sources excluded)
/blog/adhd-evaluation-cost-california,/blog/adhd-evaluation-cost-texas,301,content consolidation phase 1 / cannibalization,yes (phase7 link remediation validates),yes (sources excluded)
/blog/after-adhd-diagnosis-next-steps-adults,/answers/starting-adhd-medication-adults,301,content consolidation phase 1 / cannibalization,yes (phase7 link remediation validates),yes (sources excluded)
/answers/phentermine-weight-loss-safety,/blog/phentermine-for-weight-loss-safety-and-effectiveness,301,content consolidation phase 1 / cannibalization,yes (phase7 link remediation validates),yes (sources excluded)
/answers/oral-vs-injectable-weight-loss-meds,/blog/oral-vs-injectable-weight-loss-medications,301,content consolidation phase 1 / cannibalization,yes (phase7 link remediation validates),yes (sources excluded)
/answers/non-stimulant-adhd-medications,/blog/non-stimulant-adhd-medications-explained,301,content consolidation phase 1 / cannibalization,yes (phase7 link remediation validates),yes (sources excluded)
/answers/tirzepatide-vs-semaglutide,/blog/tirzepatide-vs-semaglutide-which-is-better,301,content consolidation phase 1 / cannibalization,yes (phase7 link remediation validates),yes (sources excluded)
/answers/minoxidil-hair-loss-does-it-work,/blog/minoxidil-for-hair-loss-does-it-work,301,content consolidation phase 1 / cannibalization,yes (phase7 link remediation validates),yes (sources excluded)
/answers/sildenafil-erectile-dysfunction-expectations,/blog/sildenafil-for-erectile-dysfunction-what-to-expect,301,content consolidation phase 1 / cannibalization,yes (phase7 link remediation validates),yes (sources excluded)
/blog/combining-adhd-treatment-and-weight-loss-strategies,/answers/adhd-and-weight-loss-connection,301,content consolidation phase 1 / cannibalization,yes (phase7 link remediation validates),yes (sources excluded)
/blog/focalin-vs-adderall-comparison,/blog/vyvanse-vs-adderall-differences,301,content consolidation phase 1 / cannibalization,yes (phase7 link remediation validates),yes (sources excluded)
/blog/long-term-weight-loss-medications-what-to-expect,/blog/semaglutide-for-weight-loss-how-it-works,301,content consolidation phase 1 / cannibalization,yes (phase7 link remediation validates),yes (sources excluded)
/blog/adderall-ir-vs-xr-adults,/blog/vyvanse-vs-adderall-differences,301,content consolidation phase 1 / cannibalization,yes (phase7 link remediation validates),yes (sources excluded)
/blog/adhd-treatment-houston-online,/blog/online-adhd-diagnosis-texas,301,content consolidation phase 1 / cannibalization,yes (phase7 link remediation validates),yes (sources excluded)
/blog/adhd-medication-online-texas-telehealth,/blog/online-adhd-diagnosis-texas,301,content consolidation phase 1 / cannibalization,yes (phase7 link remediation validates),yes (sources excluded)
/terms-of-service,/legal/terms-of-use,301,legal consolidation,yes (phase7 link remediation validates),yes (sources excluded)
/notice-of-privacy-practices,/legal/notice-of-privacy-practices,301,legal consolidation,yes (phase7 link remediation validates),yes (sources excluded)
/blank,/,301,harden non-public paths,yes (phase7 link remediation validates),yes (sources excluded)
/book,/book-appointment,301,short alias,yes (phase7 link remediation validates),yes (sources excluded)
/discovery-call,/redirect/adhd-walkthrough,302/307,temporary campaign alias,yes (phase7 link remediation validates),yes (sources excluded)
/meet-and-greet,/redirect/adhd-walkthrough,302/307,temporary campaign alias,yes (phase7 link remediation validates),yes (sources excluded)
/visual-components,/,301,harden non-public paths,yes (phase7 link remediation validates),yes (sources excluded)
/public,/,301,harden non-public paths,yes (phase7 link remediation validates),yes (sources excluded)
/public/:path*,/,301,harden non-public paths,yes (phase7 link remediation validates),yes (sources excluded)
/docs,/,301,harden non-public paths,yes (phase7 link remediation validates),yes (sources excluded)
/docs/:path*,/,301,harden non-public paths,yes (phase7 link remediation validates),yes (sources excluded)
/data,/,301,harden non-public paths,yes (phase7 link remediation validates),yes (sources excluded)
/data/:path*,/,301,harden non-public paths,yes (phase7 link remediation validates),yes (sources excluded)
/design-system,/,301,harden non-public paths,yes (phase7 link remediation validates),yes (sources excluded)
/design-system/:path*,/,301,harden non-public paths,yes (phase7 link remediation validates),yes (sources excluded)
/(.*).mjs,/,301,harden non-public paths,yes (phase7 link remediation validates),yes (sources excluded)
/siya-circle,https://form.carepatron.com/Forms/XRMFIPAWuXhTlncGx,302/307,external newsletter form,yes (phase7 link remediation validates),yes (sources excluded)
/(.*),https://www.siya.health/$1,301,harden non-public paths,yes (phase7 link remediation validates),yes (sources excluded)
