Type,Title,URL,Category,WordCount,ReviewStatus,AssignedReviewer
Blog,"Adderall for ADHD: How It Works in 2026 (Mechanism, Benefits & Safety)",https://siya.health/blog/adderall-for-adhd-how-it-works,ADHD,1636,Pending physician review,Reviewer A
Blog,"Adderall IR vs XR for Adults: Timing, Duration & What to Ask Your Prescriber",https://siya.health/blog/adderall-ir-vs-xr-adults,ADHD,706,Pending physician review,Reviewer B
Blog,ADHD Evaluation in California: Online vs In-Person Options (2026),https://siya.health/blog/adhd-evaluation-california-online-vs-in-person,ADHD,744,Pending physician review,Reviewer C
Blog,How Much Does an ADHD Evaluation Cost in California?,https://siya.health/blog/adhd-evaluation-cost-california,ADHD,410,Pending physician review,Reviewer D
Blog,ADHD Evaluation Cost in Texas: Full Breakdown (2026 Guide),https://siya.health/blog/adhd-evaluation-cost-texas,ADHD,606,Pending physician review,Reviewer E
Blog,Do You Need ADHD Medication Every Day? Daily vs As-Needed (Adults),https://siya.health/blog/adhd-medication-daily-or-as-needed-adults,ADHD,572,Pending physician review,Reviewer A
Blog,Can You Get ADHD Medication Online in California? (2026 Guide),https://siya.health/blog/adhd-medication-online-california,ADHD,508,Pending physician review,Reviewer B
Blog,Can You Get ADHD Medication Online in Texas? Rules & Safety,https://siya.health/blog/adhd-medication-online-texas-telehealth,ADHD,512,Pending physician review,Reviewer C
Blog,"ADHD Medication Options in California: Stimulants, Non‑Stimulants & FAQs",https://siya.health/blog/adhd-medication-options-california,ADHD,792,Pending physician review,Reviewer D
Blog,ADHD Medication Options for Adults in 2026: Stimulants & Non-Stimulants,https://siya.health/blog/adhd-medication-options-for-adults,ADHD,1261,Pending physician review,Reviewer E
Blog,ADHD Medication Side Effects in 2026: What to Expect & When to Call a Doctor,https://siya.health/blog/adhd-medication-side-effects-what-to-expect,ADHD,1220,Pending physician review,Reviewer A
Blog,Adult ADHD Symptoms That Are Often Overlooked,https://siya.health/blog/adhd-symptoms-overlooked,ADHD,733,Pending physician review,Reviewer B
Blog,ADHD Telehealth in California: How Virtual Care Works (2026),https://siya.health/blog/adhd-telehealth-california,ADHD,416,Pending physician review,Reviewer C
Blog,ADHD Testing Online in California: Screening vs Full Evaluation,https://siya.health/blog/adhd-testing-online-california-screening-vs-evaluation,ADHD,429,Pending physician review,Reviewer D
Blog,ADHD Treatment in Houston: Online Telehealth Options,https://siya.health/blog/adhd-treatment-houston-online,ADHD,491,Pending physician review,Reviewer E
Blog,Adult ADHD Symptoms in California: Patterns Worth Taking Seriously,https://siya.health/blog/adult-adhd-symptoms-california,ADHD,873,Pending physician review,Reviewer A
Blog,Adult ADHD Treatment in California: Options in 2026,https://siya.health/blog/adult-adhd-treatment-california-2026,ADHD,572,Pending physician review,Reviewer B
Blog,What Happens After an ADHD Diagnosis? Next Steps for Adults,https://siya.health/blog/after-adhd-diagnosis-next-steps-adults,ADHD,521,Pending physician review,Reviewer C
Blog,Ambien & Sleep Medications: Risks and Benefits (2026),https://siya.health/blog/ambien-and-sleep-medications-risks-and-benefits,Energy & Fatigue,1665,Pending physician review,Reviewer D
Blog,Combining ADHD Treatment & Weight Loss Strategies (2026),https://siya.health/blog/combining-adhd-treatment-and-weight-loss-strategies,Metabolic Health,1635,Pending physician review,Reviewer E
Blog,Compounded vs Branded GLP-1 Medications (2026): Safety & Standards,https://siya.health/blog/compounded-vs-branded-glp1-medications,Metabolic Health,1891,Pending physician review,Reviewer A
Blog,Focalin vs Adderall for ADHD (2026): Methylphenidate vs Amphetamine,https://siya.health/blog/focalin-vs-adderall-comparison,ADHD,1213,Pending physician review,Reviewer B
Blog,Food Noise and GLP-1: What It Means and What Actually Helps (2026),https://siya.health/blog/food-noise-and-glp-1-what-it-means-and-what-helps,Metabolic Health,3288,Pending physician review,Reviewer C
Blog,Free Testosterone vs Total Testosterone: What Patients Should Know,https://siya.health/blog/free-testosterone-vs-total-testosterone-what-patients-should-know,Hormone Health,2462,Pending physician review,Reviewer D
Blog,GLP-1 Side Effects & How to Manage Them (2026),https://siya.health/blog/glp1-side-effects-and-how-to-manage-them,Metabolic Health,1699,Pending physician review,Reviewer E
Blog,Glutathione & Peptides: What Do They Actually Do? (2026),https://siya.health/blog/glutathione-and-peptides-what-do-they-actually-do,Hormone Health,1662,Pending physician review,Reviewer A
Blog,"How ADHD Medication Is Prescribed Online in 2026 (Laws, Safety & Standards)",https://siya.health/blog/how-adhd-medication-is-prescribed-online,ADHD,1217,Pending physician review,Reviewer B
Blog,How Mental Health Affects Weight Loss Outcomes (2026),https://siya.health/blog/how-mental-health-affects-weight-loss-outcomes,Metabolic Health,1663,Pending physician review,Reviewer C
Blog,How to Choose an ADHD Provider in California (Red Flags Included),https://siya.health/blog/how-to-choose-adhd-provider-california,ADHD,566,Pending physician review,Reviewer D
Blog,How to Know If You Have ADHD as an Adult (Real Signs Explained),https://siya.health/blog/how-to-know-if-you-have-adhd-adult,ADHD,706,Pending physician review,Reviewer E
Blog,How to Safely Get Prescriptions Online (2026 Checklist),https://siya.health/blog/how-to-safely-get-prescriptions-online,Telehealth,1632,Pending physician review,Reviewer A
Blog,Insomnia Treatment Options Beyond Medication (2026),https://siya.health/blog/insomnia-treatment-options-beyond-medication,Energy & Fatigue,1663,Pending physician review,Reviewer B
Blog,Insulin Resistance and Weight Loss: A Clinician-Guided Overview,https://siya.health/blog/insulin-resistance-and-weight-loss-clinician-overview,Metabolic Health,2783,Pending physician review,Reviewer C
Blog,"Is ADHD Medication Safe Long Term in 2026? Benefits, Monitoring & Myths",https://siya.health/blog/is-adhd-medication-safe-long-term,ADHD,1269,Pending physician review,Reviewer D
Blog,Is Online ADHD Diagnosis Legit? What Patients Should Know,https://siya.health/blog/is-online-adhd-diagnosis-legit,ADHD,846,Pending physician review,Reviewer E
Blog,Long-Term Weight Loss Medications: What to Expect in 2026,https://siya.health/blog/long-term-weight-loss-medications-what-to-expect,Metabolic Health,1720,Pending physician review,Reviewer A
Blog,"Medical Weight Loss in Texas: GLP-1, Semaglutide, Tirzepatide & What Actually Works",https://siya.health/blog/medical-weight-loss-glp1-semaglutide-texas,Metabolic Health,1106,Pending physician review,Reviewer B
Blog,Medical Weight Loss vs Dieting: What Actually Works in 2026,https://siya.health/blog/medical-weight-loss-vs-dieting-what-actually-works,Metabolic Health,1685,Pending physician review,Reviewer C
Blog,Minoxidil for Hair Loss: Does It Work? (2026 Evidence),https://siya.health/blog/minoxidil-for-hair-loss-does-it-work,Hormone Health,1758,Pending physician review,Reviewer D
Blog,Modafinil for Focus & Fatigue: Is It Safe? (2026),https://siya.health/blog/modafinil-for-focus-and-fatigue-is-it-safe,Energy & Fatigue,1681,Pending physician review,Reviewer E
Blog,Non-Stimulant ADHD Medications Explained (2026) — Options for Adults,https://siya.health/blog/non-stimulant-adhd-medications-explained,ADHD,1162,Pending physician review,Reviewer A
Blog,"Online ADHD Diagnosis in California (2026): Cost, Process & What to Expect",https://siya.health/blog/online-adhd-diagnosis-california,ADHD,950,Pending physician review,Reviewer B
Blog,"Online ADHD Diagnosis in Texas (2026): Cost, Process & What to Expect",https://siya.health/blog/online-adhd-diagnosis-texas,ADHD,694,Pending physician review,Reviewer C
Blog,Oral vs Injectable Weight Loss Medications (2026): GLP-1 & Beyond,https://siya.health/blog/oral-vs-injectable-weight-loss-medications,Metabolic Health,1835,Pending physician review,Reviewer D
Blog,Oral vs Topical Minoxidil for Hair Loss (2026),https://siya.health/blog/oral-vs-topical-minoxidil-which-is-right,Hormone Health,1690,Pending physician review,Reviewer E
Blog,Phentermine for Weight Loss: Safety & Effectiveness in 2026,https://siya.health/blog/phentermine-for-weight-loss-safety-and-effectiveness,Metabolic Health,1808,Pending physician review,Reviewer A
Blog,Semaglutide for Weight Loss: How It Works in 2026 (GLP-1 Science),https://siya.health/blog/semaglutide-for-weight-loss-how-it-works,Metabolic Health,2218,Pending physician review,Reviewer B
Blog,Sildenafil for Erectile Dysfunction: What to Expect (2026),https://siya.health/blog/sildenafil-for-erectile-dysfunction-what-to-expect,Hormone Health,1701,Pending physician review,Reviewer C
Blog,"Sleep Apnea, Fatigue & Metabolic Risk: When Snoring Is Not Benign",https://siya.health/blog/sleep-apnea-fatigue-metabolic-risk-when-snoring-is-not-benign,Energy & Fatigue,2296,Pending physician review,Reviewer D
Blog,Telehealth Prescriptions: How Online Treatment Works (2026),https://siya.health/blog/telehealth-prescriptions-how-online-treatment-works,Telehealth,1685,Pending physician review,Reviewer E
Blog,Tirzepatide vs Semaglutide for Weight Loss (2026): Compare GLP-1 Options,https://siya.health/blog/tirzepatide-vs-semaglutide-which-is-better,Metabolic Health,2000,Pending physician review,Reviewer A
Blog,Vyvanse vs Adderall for ADHD in 2026: Differences Adults Should Know,https://siya.health/blog/vyvanse-vs-adderall-differences,ADHD,1309,Pending physician review,Reviewer B
Blog,When Is Testosterone Therapy Appropriate? (2026 Guide),https://siya.health/blog/when-is-testosterone-therapy-appropriate,Hormone Health,1662,Pending physician review,Reviewer C
Blog,Why Am I Always Tired? Causes and When to See a Doctor,https://siya.health/blog/why-am-i-always-tired-causes-when-to-see-doctor,Energy & Fatigue,2668,Pending physician review,Reviewer D
Blog,"You’re Not Lazy: Undiagnosed Adult ADHD Signs | TX, PA, FL",https://siya.health/blog/youre-not-lazy-signs-undiagnosed-adult-adhd,ADHD,1146,Pending physician review,Reviewer E
Health Guide,Adderall vs Vyvanse for adults: what is the difference?,https://siya.health/answers/adderall-vs-vyvanse-adults,ADHD,359,Pending physician review,Reviewer A
Health Guide,Is there a connection between ADHD and weight loss struggles?,https://siya.health/answers/adhd-and-weight-loss-connection,Metabolic Health,353,Pending physician review,Reviewer B
Health Guide,How does adult ADHD present in men?,https://siya.health/answers/adhd-in-men,ADHD,357,Pending physician review,Reviewer C
Health Guide,How does ADHD present differently in women?,https://siya.health/answers/adhd-in-women,ADHD,365,Pending physician review,Reviewer D
Health Guide,Do you have to take ADHD medication every day?,https://siya.health/answers/adhd-medication-every-day,ADHD,333,Pending physician review,Reviewer E
Health Guide,What are common ADHD medication side effects?,https://siya.health/answers/adhd-medication-side-effects,ADHD,360,Pending physician review,Reviewer A
Health Guide,How do you tell ADHD apart from anxiety?,https://siya.health/answers/adhd-vs-anxiety,ADHD,943,Pending physician review,Reviewer B
Health Guide,Is it ADHD or burnout?,https://siya.health/answers/adhd-vs-burnout,ADHD,1074,Pending physician review,Reviewer C
Health Guide,Why do I crash every afternoon after lunch?,https://siya.health/answers/afternoon-energy-crash-after-lunch,Metabolic Health,1129,Pending physician review,Reviewer D
Health Guide,What is the ASRS ADHD screening test?,https://siya.health/answers/asrs-adhd-screening-explained,ADHD,347,Pending physician review,Reviewer E
Health Guide,Why do I get brain fog after eating?,https://siya.health/answers/brain-fog-after-eating,Metabolic Health,1157,Pending physician review,Reviewer A
Health Guide,Can ADHD be diagnosed online?,https://siya.health/answers/can-adhd-be-diagnosed-online,ADHD,854,Pending physician review,Reviewer B
Health Guide,Can ADHD cause anxiety?,https://siya.health/answers/can-adhd-cause-anxiety,ADHD,853,Pending physician review,Reviewer C
Health Guide,Can sleep apnea cause fatigue?,https://siya.health/answers/can-sleep-apnea-cause-fatigue,Telehealth,520,Pending physician review,Reviewer D
Health Guide,Can you get ADHD medication online?,https://siya.health/answers/can-you-get-adhd-medication-online,ADHD,352,Pending physician review,Reviewer E
Health Guide,Compounded vs branded GLP-1: what is the difference?,https://siya.health/answers/compounded-vs-branded-glp-1,Metabolic Health,343,Pending physician review,Reviewer A
Health Guide,What is Creyos cognitive testing for ADHD?,https://siya.health/answers/creyos-adhd-testing-explained,ADHD,364,Pending physician review,Reviewer B
Health Guide,Is telehealth for erectile dysfunction legitimate?,https://siya.health/answers/ed-telehealth-legitimate,Hormone Health,322,Pending physician review,Reviewer C
Health Guide,What is executive dysfunction in adult ADHD?,https://siya.health/answers/executive-dysfunction-adhd,ADHD,347,Pending physician review,Reviewer D
Health Guide,Why did food noise come back on GLP-1?,https://siya.health/answers/food-noise-returned-on-glp-1,Metabolic Health,1160,Pending physician review,Reviewer E
Health Guide,Can you use FSA or HSA for ADHD evaluation?,https://siya.health/answers/fsa-hsa-adhd-evaluation,Telehealth,356,Pending physician review,Reviewer A
Health Guide,How do you manage GLP-1 nausea?,https://siya.health/answers/glp-1-nausea-management,Metabolic Health,336,Pending physician review,Reviewer B
Health Guide,What are GLP-1 side effects?,https://siya.health/answers/glp-1-side-effects,Metabolic Health,946,Pending physician review,Reviewer C
Health Guide,Can you have ADHD and still be high-functioning?,https://siya.health/answers/high-functioning-adhd,ADHD,359,Pending physician review,Reviewer D
Health Guide,What does high SHBG with low free testosterone mean?,https://siya.health/answers/high-shbg-low-free-testosterone,Hormone Health,1100,Pending physician review,Reviewer E
Health Guide,How long does an ADHD evaluation take?,https://siya.health/answers/how-long-adhd-evaluation,ADHD,327,Pending physician review,Reviewer A
Health Guide,How much does ADHD testing cost?,https://siya.health/answers/how-much-does-adhd-testing-cost,ADHD,367,Pending physician review,Reviewer B
Health Guide,How do online prescriptions work legally?,https://siya.health/answers/how-online-prescriptions-work,Telehealth,820,Pending physician review,Reviewer C
Health Guide,Can you have insulin resistance without diabetes?,https://siya.health/answers/insulin-resistance-without-diabetes,Metabolic Health,815,Pending physician review,Reviewer D
Health Guide,Is ADHD medication safe long term?,https://siya.health/answers/is-adhd-medication-safe-long-term,ADHD,359,Pending physician review,Reviewer E
Health Guide,Is online ADHD diagnosis legitimate?,https://siya.health/answers/is-online-adhd-diagnosis-legitimate,ADHD,826,Pending physician review,Reviewer A
Health Guide,Is telehealth legitimate for medical care?,https://siya.health/answers/is-telehealth-legitimate,Telehealth,826,Pending physician review,Reviewer B
Health Guide,Why are so many adults diagnosed with ADHD late in life?,https://siya.health/answers/late-adhd-diagnosis-adults,ADHD,369,Pending physician review,Reviewer C
Health Guide,Medical weight loss vs dieting: what works better?,https://siya.health/answers/medical-weight-loss-vs-dieting,Metabolic Health,343,Pending physician review,Reviewer D
Health Guide,What happens in a telehealth Meet & Greet?,https://siya.health/answers/meet-and-greet-telehealth-expectations,Telehealth,850,Pending physician review,Reviewer E
Health Guide,Does minoxidil work for hair loss?,https://siya.health/answers/minoxidil-hair-loss-does-it-work,Hormone Health,340,Pending physician review,Reviewer A
Health Guide,What non-stimulant ADHD medications exist for adults?,https://siya.health/answers/non-stimulant-adhd-medications,ADHD,935,Pending physician review,Reviewer B
Health Guide,Can you have insulin resistance with a normal A1C?,https://siya.health/answers/normal-a1c-insulin-resistance,Metabolic Health,858,Pending physician review,Reviewer C
Health Guide,Oral vs injectable weight loss medications: pros and cons?,https://siya.health/answers/oral-vs-injectable-weight-loss-meds,Metabolic Health,353,Pending physician review,Reviewer D
Health Guide,Oral vs topical minoxidil: which is right?,https://siya.health/answers/oral-vs-topical-minoxidil,Hormone Health,317,Pending physician review,Reviewer E
Health Guide,Is phentermine safe for weight loss?,https://siya.health/answers/phentermine-weight-loss-safety,Metabolic Health,339,Pending physician review,Reviewer A
Health Guide,Can poor sleep feel like ADHD?,https://siya.health/answers/poor-sleep-feels-like-adhd,Telehealth,1049,Pending physician review,Reviewer B
Health Guide,What is rejection sensitive dysphoria (RSD) and ADHD?,https://siya.health/answers/rejection-sensitivity-adhd,ADHD,374,Pending physician review,Reviewer C
Health Guide,What is the difference between ADHD screening and a full evaluation?,https://siya.health/answers/screening-vs-adhd-evaluation,ADHD,361,Pending physician review,Reviewer D
Health Guide,How does semaglutide work for weight loss?,https://siya.health/answers/semaglutide-weight-loss-how-it-works,Metabolic Health,914,Pending physician review,Reviewer E
Health Guide,What are the signs of adult ADHD?,https://siya.health/answers/signs-of-adult-adhd,ADHD,883,Pending physician review,Reviewer A
Health Guide,What are the signs of sleep apnea in adults?,https://siya.health/answers/signs-of-sleep-apnea-in-adults,Telehealth,489,Pending physician review,Reviewer B
Health Guide,What should you expect from sildenafil for erectile dysfunction?,https://siya.health/answers/sildenafil-erectile-dysfunction-expectations,Hormone Health,338,Pending physician review,Reviewer C
Health Guide,What should adults expect when starting ADHD medication?,https://siya.health/answers/starting-adhd-medication-adults,ADHD,915,Pending physician review,Reviewer D
Health Guide,How does ADHD telehealth work in California?,https://siya.health/answers/telehealth-adhd-california,Telehealth,370,Pending physician review,Reviewer E
Health Guide,How does ADHD telehealth work in Texas?,https://siya.health/answers/telehealth-adhd-texas,Telehealth,345,Pending physician review,Reviewer A
Health Guide,Can low testosterone mimic ADHD?,https://siya.health/answers/testosterone-and-adhd-overlap,Hormone Health,357,Pending physician review,Reviewer B
Health Guide,What is time blindness in ADHD?,https://siya.health/answers/time-blindness-adhd,ADHD,367,Pending physician review,Reviewer C
Health Guide,Tirzepatide vs semaglutide: which is better for weight loss?,https://siya.health/answers/tirzepatide-vs-semaglutide,Metabolic Health,348,Pending physician review,Reviewer D
Health Guide,What monitoring is required on testosterone therapy?,https://siya.health/answers/trt-monitoring-requirements,Hormone Health,822,Pending physician review,Reviewer E
Health Guide,Why am I gaining weight after stopping Ozempic?,https://siya.health/answers/weight-gain-after-stopping-ozempic,Metabolic Health,1120,Pending physician review,Reviewer A
Health Guide,What does low testosterone feel like?,https://siya.health/answers/what-does-low-testosterone-feel-like,Hormone Health,340,Pending physician review,Reviewer B
Health Guide,What is included in Siya Health’s $199 ADHD evaluation?,https://siya.health/answers/what-included-199-adhd-evaluation,Telehealth,350,Pending physician review,Reviewer C
Health Guide,What is food noise?,https://siya.health/answers/what-is-food-noise,Metabolic Health,916,Pending physician review,Reviewer D
Health Guide,What is free testosterone?,https://siya.health/answers/what-is-free-testosterone,Hormone Health,835,Pending physician review,Reviewer E
Health Guide,What is insulin resistance?,https://siya.health/answers/what-is-insulin-resistance,Metabolic Health,1002,Pending physician review,Reviewer A
Health Guide,When is testosterone therapy appropriate?,https://siya.health/answers/when-is-testosterone-therapy-appropriate,Hormone Health,842,Pending physician review,Reviewer B
Health Guide,Who qualifies for GLP-1 weight loss medications?,https://siya.health/answers/who-qualifies-glp-1-weight-loss,Metabolic Health,326,Pending physician review,Reviewer C
Health Guide,Why am I tired even after sleeping?,https://siya.health/answers/why-am-i-tired-even-after-sleeping,Telehealth,545,Pending physician review,Reviewer D
Health Guide,Why don't normal labs mean you're healthy?,https://siya.health/answers/why-normal-labs-dont-mean-healthy,Metabolic Health,1214,Pending physician review,Reviewer E
