URL,Page Type,Audience,Purpose,Primary Keyword,Index Status,Sitemap Status,Primary CTA,Internal Links,Recommended Action,Reason
/,Homepage,General patients,"Siya Health | When Focus, Energy, or Weight Won't Budge",Something feels off—and you want clearer answers.,index,in sitemap,,169,Keep,Quality benchmark — frozen
/about,About,General patients,"About Siya Health | Mission, Team &amp; How Care Works",Care for adults who are done guessing about their health,index,in sitemap,,164,Standardize,Keep URL/SEO; align copy+structure to service blueprint
/adhd-care,Service Page,Adults with ADHD concerns,Adult ADHD Diagnosis Online — Same-Week Evaluation ($199) | Siya Health,Struggling to focus—even when you care?,index,in sitemap,,164,Keep,Quality benchmark — frozen
/adhd-diagnosis-austin,Geo SEO Landing,Adults with ADHD concerns,ADHD Diagnosis Austin TX | Online $199 Evaluation | Siya Health,"ADHD Diagnosis in Austin, Texas (Online, $199)",index,in sitemap,,11,Standardize,Keep URL/SEO; align copy+structure to service blueprint
/adhd-diagnosis-florida,Page,Adults with ADHD concerns,Online ADHD Diagnosis Florida | $199 Evaluation | Siya Health,,noindex,not in sitemap,,,Redirect,Legacy shell; 301 → /adhd-care already live in vercel.json
/adhd-diagnosis-houston,Geo SEO Landing,Adults with ADHD concerns,ADHD Diagnosis Houston TX | Online $199 Evaluation | Siya Health,"ADHD Diagnosis in Houston, Texas (Online, $199)",index,in sitemap,,10,Standardize,Keep URL/SEO; align copy+structure to service blueprint
/adhd-diagnosis-pennsylvania,Geo SEO Landing,Adults with ADHD concerns,Online ADHD Diagnosis Pennsylvania | $199 | Siya Health,Online ADHD Diagnosis in Pennsylvania ($199 Evaluation),index,in sitemap,,8,Standardize,Keep URL/SEO; align copy+structure to service blueprint
/adhd-diagnosis-philadelphia,Geo SEO Landing,Adults with ADHD concerns,ADHD Diagnosis Philadelphia PA | Online $199 | Siya Health,"ADHD Diagnosis in Philadelphia, Pennsylvania (Online, $199)",index,in sitemap,,8,Standardize,Keep URL/SEO; align copy+structure to service blueprint
/adhd-diagnosis-texas,Geo SEO Landing,Adults with ADHD concerns,Online ADHD Diagnosis Texas | $199 Evaluation | Siya Health,Online ADHD Diagnosis in Texas ($199 Evaluation),index,in sitemap,,14,Standardize,Keep URL/SEO; align copy+structure to service blueprint
/adhd-evaluation-cost,Page,Adults with ADHD concerns,ADHD Evaluation Cost Online | $199 Flat Rate | Siya Health,,noindex,not in sitemap,,,Redirect,Legacy shell; 301 → /pricing already live in vercel.json
/adhd-screening,Service Page,Adults with ADHD concerns,Start screening | Siya Health,What are you looking for help with?,index,in sitemap,,157,Keep,Meets keep criteria
/adhd-screening-results,Utility,Converting patients,ADHD Screening Complete | Siya Health,,noindex,not in sitemap,,,Noindex,"Utility/conversion page; keep noindex, out of sitemap"
/adhd-treatment-online,Page,Adults with ADHD concerns,"ADHD Treatment Online | Telehealth TX, PA, FL | Siya Health",,noindex,not in sitemap,,,Redirect,Legacy shell; 301 → /adhd-care already live in vercel.json
/adult-adhd-diagnosis,Page,Adults with ADHD concerns,Adult ADHD Diagnosis Online | $199 Evaluation | Siya Health,,noindex,not in sitemap,,,Redirect,Legacy shell; 301 → /adhd-care already live in vercel.json
/adult-adhd-screening-california,Page,Adults with ADHD concerns,Online ADHD Screening in California | Free 2-Minute Test | Siya Health,Online ADHD Screening in California,index,in sitemap,,3,Standardize,Keep URL/SEO; align copy+structure to service blueprint
/answers,Health Guide Hub,General patients,"Health Guides | Metabolic, ADHD, Hormones &amp; Telehealth | Siya Health",Health Guides,index,in sitemap,,164,Keep,SEO / educational; periodic review
/answers/adderall-vs-vyvanse-adults,Health Guide,General patients,When might Vyvanse be preferred over Adderall for adults? | Siya Health,When might Vyvanse be preferred over Adderall for adults?,index,in sitemap,,3,Merge,Cannibalization Duplicate — narrow to FAQ or 301 to preferred blog after GSC check
/answers/adhd-and-weight-loss-connection,Health Guide,Adults with ADHD concerns,Is there a connection between ADHD and weight loss struggles? | Siya Health,Is there a connection between ADHD and weight loss struggles?,index,in sitemap,,7,Keep,SEO / educational; periodic review
/answers/adhd-in-women,Health Guide,Adults with ADHD concerns,How does ADHD present differently in women? | Siya Health,How does ADHD present differently in women?,index,in sitemap,,15,Keep,SEO / educational; periodic review
/answers/adhd-medication-every-day,Health Guide,Adults with ADHD concerns,Do you have to take ADHD medication every day? | Siya Health,Do you have to take ADHD medication every day?,index,in sitemap,,4,Keep,SEO / educational; periodic review
/answers/adhd-medication-side-effects,Health Guide,Adults with ADHD concerns,What ADHD medication side effects are most common in the first weeks? | Siya Hea,What ADHD medication side effects are most common in the first weeks?,index,in sitemap,,6,Merge,Cannibalization Duplicate — narrow to FAQ or 301 to preferred blog after GSC check
/answers/adhd-vs-anxiety,Health Guide,Adults with ADHD concerns,How do you tell ADHD apart from anxiety? | Siya Health,How do you tell ADHD apart from anxiety?,index,in sitemap,,15,Keep,SEO / educational; periodic review
/answers/adhd-vs-burnout,Health Guide,Adults with ADHD concerns,Is it ADHD or burnout? | Siya Health,Is it ADHD or burnout?,index,in sitemap,,7,Keep,SEO / educational; periodic review
/answers/afternoon-energy-crash-after-lunch,Health Guide,General patients,Why do I crash every afternoon after lunch? | Siya Health,Why do I crash every afternoon after lunch?,index,in sitemap,,1,Keep,SEO / educational; periodic review
/answers/asrs-adhd-screening-explained,Health Guide,Adults with ADHD concerns,What is the ASRS ADHD screening test? | Siya Health,What is the ASRS ADHD screening test?,index,in sitemap,,4,Keep,SEO / educational; periodic review
/answers/brain-fog-after-eating,Health Guide,General patients,Why do I get brain fog after eating? | Siya Health,Why do I get brain fog after eating?,index,in sitemap,,12,Keep,SEO / educational; periodic review
/answers/can-adhd-be-diagnosed-online,Health Guide,Adults with ADHD concerns,Can ADHD be diagnosed online? | Siya Health,Can ADHD be diagnosed online?,index,in sitemap,,43,Keep,SEO / educational; periodic review
/answers/can-adhd-cause-anxiety,Health Guide,Adults with ADHD concerns,Can ADHD cause anxiety? | Siya Health,Can ADHD cause anxiety?,index,in sitemap,,3,Keep,SEO / educational; periodic review
/answers/can-sleep-apnea-cause-fatigue,Health Guide,General patients,Can sleep apnea cause fatigue? | Siya Health,Can sleep apnea cause fatigue?,index,in sitemap,,6,Keep,SEO / educational; periodic review
/answers/can-you-get-adhd-medication-online,Health Guide,Adults with ADHD concerns,Can you get ADHD medication online? | Siya Health,Can you get ADHD medication online?,index,in sitemap,,4,Keep,SEO / educational; periodic review
/answers/compounded-vs-branded-glp-1,Health Guide,Weight-loss patients,What should you ask about compounded vs branded GLP-1? | Siya Health,What should you ask about compounded vs branded GLP-1?,index,in sitemap,,4,Merge,Cannibalization Duplicate — narrow to FAQ or 301 to preferred blog after GSC check
/answers/ed-telehealth-legitimate,Health Guide,Men’s health patients,Is telehealth for erectile dysfunction legitimate? | Siya Health,Is telehealth for erectile dysfunction legitimate?,index,in sitemap,,2,Keep,SEO / educational; periodic review
/answers/executive-dysfunction-adhd,Health Guide,Adults with ADHD concerns,What is executive dysfunction in adult ADHD? | Siya Health,What is executive dysfunction in adult ADHD?,index,in sitemap,,15,Keep,SEO / educational; periodic review
/answers/food-noise-returned-on-glp-1,Health Guide,Weight-loss patients,Why did food noise come back on GLP-1? | Siya Health,Why did food noise come back on GLP-1?,index,in sitemap,,3,Keep,SEO / educational; periodic review
/answers/fsa-hsa-adhd-evaluation,Health Guide,Adults with ADHD concerns,Can you use FSA or HSA for ADHD evaluation? | Siya Health,Can you use FSA or HSA for ADHD evaluation?,index,in sitemap,,10,Keep,SEO / educational; periodic review
/answers/glp-1-nausea-management,Health Guide,Weight-loss patients,How do you manage GLP-1 nausea? | Siya Health,How do you manage GLP-1 nausea?,index,in sitemap,,4,Keep,SEO / educational; periodic review
/answers/glp-1-side-effects,Health Guide,Weight-loss patients,Which GLP-1 side effects usually improve with titration? | Siya Health,Which GLP-1 side effects usually improve with titration?,index,in sitemap,,11,Merge,Cannibalization Duplicate — narrow to FAQ or 301 to preferred blog after GSC check
/answers/high-functioning-adhd,Health Guide,Adults with ADHD concerns,Can you have ADHD and still be high-functioning? | Siya Health,Can you have ADHD and still be high-functioning?,index,in sitemap,,5,Keep,SEO / educational; periodic review
/answers/high-shbg-low-free-testosterone,Health Guide,Men’s health patients,What does high SHBG with low free testosterone mean? | Siya Health,What does high SHBG with low free testosterone mean?,index,in sitemap,,2,Keep,SEO / educational; periodic review
/answers/how-long-adhd-evaluation,Health Guide,Adults with ADHD concerns,How long does an ADHD evaluation take? | Siya Health,How long does an ADHD evaluation take?,index,in sitemap,,13,Keep,SEO / educational; periodic review
/answers/how-much-does-adhd-testing-cost,Health Guide,Adults with ADHD concerns,How much does ADHD testing cost? | Siya Health,How much does ADHD testing cost?,index,in sitemap,,4,Keep,SEO / educational; periodic review
/answers/how-online-prescriptions-work,Health Guide,General patients,How do online prescriptions work legally? | Siya Health,How do online prescriptions work legally?,index,in sitemap,,6,Keep,SEO / educational; periodic review
/answers/insulin-resistance-without-diabetes,Health Guide,General patients,Can you have insulin resistance without diabetes? | Siya Health,Can you have insulin resistance without diabetes?,index,in sitemap,,4,Keep,SEO / educational; periodic review
/answers/is-adhd-medication-safe-long-term,Health Guide,Adults with ADHD concerns,What does long-term ADHD medication safety monitoring include? | Siya Health,What does long-term ADHD medication safety monitoring include?,index,in sitemap,,7,Merge,Cannibalization Duplicate — narrow to FAQ or 301 to preferred blog after GSC check
/answers/is-online-adhd-diagnosis-legitimate,Health Guide,Adults with ADHD concerns,What should you look for in a legitimate online ADHD diagnosis? | Siya Health,What should you look for in a legitimate online ADHD diagnosis?,index,in sitemap,,155,Merge,Cannibalization Duplicate — narrow to FAQ or 301 to preferred blog after GSC check
/answers/is-telehealth-legitimate,Health Guide,General patients,Is telehealth legitimate for medical care? | Siya Health,Is telehealth legitimate for medical care?,index,in sitemap,,8,Keep,SEO / educational; periodic review
/answers/late-adhd-diagnosis-adults,Health Guide,Adults with ADHD concerns,Why are so many adults diagnosed with ADHD late in life? | Siya Health,Why are so many adults diagnosed with ADHD late in life?,index,in sitemap,,16,Keep,SEO / educational; periodic review
/answers/medical-weight-loss-vs-dieting,Health Guide,Weight-loss patients,When does medical weight loss outperform dieting alone? | Siya Health,When does medical weight loss outperform dieting alone?,index,in sitemap,,7,Merge,Cannibalization Duplicate — narrow to FAQ or 301 to preferred blog after GSC check
/answers/meet-and-greet-telehealth-expectations,Health Guide,General patients,What should I expect from a first telehealth visit? | Siya Health,What should I expect from a first telehealth visit?,index,in sitemap,,6,Keep,SEO / educational; periodic review
/answers/normal-a1c-insulin-resistance,Health Guide,General patients,Can you have insulin resistance with a normal A1C? | Siya Health,Can you have insulin resistance with a normal A1C?,index,in sitemap,,6,Keep,SEO / educational; periodic review
/answers/oral-vs-topical-minoxidil,Health Guide,Men’s health patients,When is topical minoxidil enough vs oral minoxidil? | Siya Health,When is topical minoxidil enough vs oral minoxidil?,index,in sitemap,,2,Merge,Cannibalization Duplicate — narrow to FAQ or 301 to preferred blog after GSC check
/answers/poor-sleep-feels-like-adhd,Health Guide,Adults with ADHD concerns,Can poor sleep feel like ADHD? | Siya Health,Can poor sleep feel like ADHD?,index,in sitemap,,3,Keep,SEO / educational; periodic review
/answers/rejection-sensitivity-adhd,Health Guide,Adults with ADHD concerns,What is rejection sensitive dysphoria (RSD) and ADHD? | Siya Health,What is rejection sensitive dysphoria (RSD) and ADHD?,index,in sitemap,,4,Keep,SEO / educational; periodic review
/answers/screening-vs-adhd-evaluation,Health Guide,Adults with ADHD concerns,What is the difference between ADHD screening and a full evaluation? | Siya Heal,What is the difference between ADHD screening and a full evaluation?,index,in sitemap,,18,Keep,SEO / educational; periodic review
/answers/semaglutide-weight-loss-how-it-works,Health Guide,Weight-loss patients,How quickly does semaglutide start working for weight loss? | Siya Health,How quickly does semaglutide start working for weight loss?,index,in sitemap,,7,Merge,Cannibalization Duplicate — narrow to FAQ or 301 to preferred blog after GSC check
/answers/signs-of-adult-adhd,Health Guide,Adults with ADHD concerns,What are the signs of adult ADHD? | Siya Health,What are the signs of adult ADHD?,index,in sitemap,,155,Keep,SEO / educational; periodic review
/answers/signs-of-sleep-apnea-in-adults,Health Guide,General patients,What are the signs of sleep apnea in adults? | Siya Health,What are the signs of sleep apnea in adults?,index,in sitemap,,6,Keep,SEO / educational; periodic review
/answers/starting-adhd-medication-adults,Health Guide,Adults with ADHD concerns,What should adults expect when starting ADHD medication? | Siya Health,What should adults expect when starting ADHD medication?,index,in sitemap,,27,Keep,SEO / educational; periodic review
/answers/telehealth-adhd-california,Health Guide,Adults with ADHD concerns,How does ADHD telehealth work in California? | Siya Health,How does ADHD telehealth work in California?,index,in sitemap,,6,Keep,SEO / educational; periodic review
/answers/telehealth-adhd-texas,Health Guide,Adults with ADHD concerns,How does ADHD telehealth work in Texas? | Siya Health,How does ADHD telehealth work in Texas?,index,in sitemap,,9,Keep,SEO / educational; periodic review
/answers/testosterone-and-adhd-overlap,Health Guide,Adults with ADHD concerns,Can low testosterone mimic ADHD? | Siya Health,Can low testosterone mimic ADHD?,index,in sitemap,,4,Keep,SEO / educational; periodic review
/answers/time-blindness-adhd,Health Guide,Adults with ADHD concerns,What is time blindness in ADHD? | Siya Health,What is time blindness in ADHD?,index,in sitemap,,12,Keep,SEO / educational; periodic review
/answers/trt-monitoring-requirements,Health Guide,Men’s health patients,How often is TRT monitoring required? | Siya Health,How often is TRT monitoring required?,index,in sitemap,,5,Merge,Cannibalization Duplicate — narrow to FAQ or 301 to preferred blog after GSC check
/answers/weight-gain-after-stopping-ozempic,Health Guide,Weight-loss patients,Why am I gaining weight after stopping Ozempic? | Siya Health,Why am I gaining weight after stopping Ozempic?,index,in sitemap,,1,Keep,SEO / educational; periodic review
/answers/what-does-low-testosterone-feel-like,Health Guide,Men’s health patients,What does low testosterone feel like? | Siya Health,What does low testosterone feel like?,index,in sitemap,,12,Keep,SEO / educational; periodic review
/answers/what-included-199-adhd-evaluation,Health Guide,Adults with ADHD concerns,What is included in Siya Health’s $199 ADHD evaluation? | Siya Health,What is included in Siya Health’s $199 ADHD evaluation?,index,in sitemap,,17,Keep,SEO / educational; periodic review
/answers/what-is-food-noise,Health Guide,General patients,What is food noise? | Siya Health,What is food noise?,index,in sitemap,,22,Keep,SEO / educational; periodic review
/answers/what-is-free-testosterone,Health Guide,Men’s health patients,What is free testosterone? | Siya Health,What is free testosterone?,index,in sitemap,,13,Keep,SEO / educational; periodic review
/answers/what-is-insulin-resistance,Health Guide,General patients,What is insulin resistance? | Siya Health,What is insulin resistance?,index,in sitemap,,155,Keep,SEO / educational; periodic review
/answers/when-is-testosterone-therapy-appropriate,Health Guide,Men’s health patients,What symptoms warrant testosterone therapy evaluation? | Siya Health,What symptoms warrant testosterone therapy evaluation?,index,in sitemap,,10,Merge,Cannibalization Duplicate — narrow to FAQ or 301 to preferred blog after GSC check
/answers/who-qualifies-glp-1-weight-loss,Health Guide,Weight-loss patients,Who qualifies for GLP-1 weight loss medications? | Siya Health,Who qualifies for GLP-1 weight loss medications?,index,in sitemap,,5,Keep,SEO / educational; periodic review
/answers/why-am-i-tired-even-after-sleeping,Health Guide,Men’s health patients,Why am I tired even after sleeping? | Siya Health,Why am I tired even after sleeping?,index,in sitemap,,155,Keep,SEO / educational; periodic review
/answers/why-normal-labs-dont-mean-healthy,Health Guide,General patients,Why don't normal labs mean you're healthy? | Siya Health,Why don't normal labs mean you're healthy?,index,in sitemap,,2,Keep,SEO / educational; periodic review
/blog,Blog Hub,General patients,"Health Insights &amp; Blog Hub (2026) | ADHD, Weight Loss &amp; Telehealth | Siy","Health Insights — Evidence-Based, Clinical",index,in sitemap,,164,Keep,SEO / educational; periodic review
/blog/adderall-for-adhd-how-it-works,Blog Article,Adults with ADHD concerns,"Adderall for ADHD: How It Works in 2026 (Mechanism, Benefits &amp; Safety) | Siy",Adderall for ADHD: How It Works (2026 Clinical Overview),index,in sitemap,,8,Keep,SEO / educational; periodic review
/blog/adhd,Blog Hub,Adults with ADHD concerns,"ADHD Articles Hub (2026) — Diagnosis, Medication Education &amp; Care | Siya Hea",ADHD articles,index,in sitemap,,155,Keep,SEO / educational; periodic review
/blog/adhd-and-binge-eating,Blog Article,Adults with ADHD concerns,"ADHD and Binge Eating: The Link, Food Noise & What Helps | Siya Health",ADHD and Binge Eating: Why the Link Matters (and What Actually Helps),index,in sitemap,,12,Keep,SEO / educational; periodic review
/blog/adhd-brain-imaging-subtypes,Blog Article,Adults with ADHD concerns,ADHD Brain Imaging Subtypes: What New Research May Mean | Siya Health,Not All ADHD Is the Same: What New Brain Imaging Research May Mean for the Future of ADHD Care,index,in sitemap,,3,Keep,SEO / educational; periodic review
/blog/adhd-evaluation-california-online-vs-in-person,Blog Article,Adults with ADHD concerns,ADHD Evaluation in California: Online vs In-Person Options (2026) | Siya Health,ADHD Evaluation in California: Online vs In-Person Options,index,in sitemap,,12,Keep,SEO / educational; periodic review
/blog/adhd-evaluation-cost-texas,Blog Article,Adults with ADHD concerns,ADHD Evaluation Cost in Texas: Full Breakdown (2026 Guide) | Siya Health,ADHD Evaluation Cost in Texas: Full Breakdown (2026 Guide),index,in sitemap,,12,Keep,SEO / educational; periodic review
/blog/adhd-in-women,Blog Article,Adults with ADHD concerns,"ADHD in Women: Symptoms, Masking &amp; Late Diagnosis | Siya Health","ADHD in Women: Symptoms, Masking, Hormones, and Late Diagnosis",index,in sitemap,,16,Keep,SEO / educational; periodic review
/blog/adhd-medication-daily-or-as-needed-adults,Blog Article,Adults with ADHD concerns,Do You Need ADHD Medication Every Day? (Daily vs PRN for Adults) | Siya Health,Do Adults Need ADHD Medication Every Day?,index,in sitemap,,8,Keep,SEO / educational; periodic review
/blog/adhd-medication-online-california,Blog Article,Adults with ADHD concerns,Can You Get ADHD Medication Online in California? (2026 Guide) | Siya Health,Can You Get ADHD Medication Online in California? What Patients Should Know,index,in sitemap,,8,Keep,SEO / educational; periodic review
/blog/adhd-medication-options-california,Blog Article,Adults with ADHD concerns,"ADHD Medication Options in California: Stimulants, Non‑Stimulants &amp; FAQs | S",ADHD Medication Options in California: What Exists (and What Is Decided Clinically),index,in sitemap,,14,Keep,SEO / educational; periodic review
/blog/adhd-medication-options-for-adults,Blog Article,Adults with ADHD concerns,ADHD Medication Options for Adults: Stimulant vs Non-Stimulant Guide | Siya Heal,ADHD Medication Options for Adults: Where to Start,index,in sitemap,,28,Keep,SEO / educational; periodic review
/blog/adhd-medication-side-effects-what-to-expect,Blog Article,Adults with ADHD concerns,ADHD Medication Side Effects in 2026: What to Expect &amp; When to Call a Doctor,ADHD Medication Side Effects: What to Expect (2026),index,in sitemap,,7,Keep,SEO / educational; periodic review
/blog/adhd-symptoms-overlooked,Blog Article,Adults with ADHD concerns,"7 Adult ADHD Signs Doctors Miss (Not Just ""Can't Focus"") | Siya Health",7 Adult ADHD Signs Doctors Often Miss,index,in sitemap,,16,Keep,SEO / educational; periodic review
/blog/adhd-telehealth-california,Blog Article,Adults with ADHD concerns,ADHD Telehealth in California: How Virtual Care Works (2026) | Siya Health,ADHD Telehealth in California: How Virtual Care Works,index,in sitemap,,6,Keep,SEO / educational; periodic review
/blog/adhd-testing-online-california-screening-vs-evaluation,Blog Article,Adults with ADHD concerns,ADHD Testing Online in California: Screening vs Full Evaluation | Siya Health,ADHD Testing Online in California: Screening vs Full Evaluation,index,in sitemap,,13,Keep,SEO / educational; periodic review
/blog/adhd-treatment-austin-tx,Blog Article,Adults with ADHD concerns,ADHD Treatment Austin TX | Virtual Adult Care | Siya Health,"ADHD Treatment in Austin, Texas: Physician-Led Virtual Care for Adults",index,in sitemap,,13,Keep,SEO / educational; periodic review
/blog/adhd-treatment-dallas-tx,Blog Article,Adults with ADHD concerns,ADHD Treatment Dallas | Virtual Adult Care | Siya Health,"ADHD Treatment in Dallas, Texas: Physician-Led Virtual Care for Adults",index,in sitemap,,12,Keep,SEO / educational; periodic review
/blog/adhd-treatment-fort-worth-tx,Blog Article,Adults with ADHD concerns,ADHD Treatment Fort Worth | Virtual Adult Care | Siya Health,"ADHD Treatment in Fort Worth, Texas: Physician-Led Virtual Care for Adults",index,in sitemap,,9,Keep,SEO / educational; periodic review
/blog/adhd-treatment-houston-tx,Blog Article,Adults with ADHD concerns,ADHD Treatment Houston TX | Virtual Adult Care | Siya Health,"ADHD Treatment in Houston, Texas: Physician-Led Virtual Care for Adults",index,in sitemap,,9,Keep,SEO / educational; periodic review
/blog/adhd-treatment-miami-fl,Blog Article,Adults with ADHD concerns,ADHD Treatment Miami FL | Virtual Adult Care | Siya Health,"ADHD Treatment in Miami, Florida: Physician-Led Virtual Care for Adults",index,in sitemap,,5,Keep,SEO / educational; periodic review
/blog/adhd-treatment-orlando-fl,Blog Article,Adults with ADHD concerns,ADHD Treatment Orlando FL | Virtual Adult Care | Siya Health,"ADHD Treatment in Orlando, Florida: Physician-Led Virtual Care for Adults",index,in sitemap,,4,Keep,SEO / educational; periodic review
/blog/adhd-treatment-philadelphia-pa,Blog Article,Adults with ADHD concerns,ADHD Treatment Philadelphia PA | Virtual Adult Care | Siya Health,"ADHD Treatment in Philadelphia, Pennsylvania: Physician-Led Virtual Care for Adults",index,in sitemap,,6,Keep,SEO / educational; periodic review
/blog/adhd-treatment-san-antonio-tx,Blog Article,Adults with ADHD concerns,ADHD Treatment San Antonio TX | Virtual Adult Care | Siya Health,"ADHD Treatment in San Antonio, Texas: Physician-Led Virtual Care for Adults",index,in sitemap,,8,Keep,SEO / educational; periodic review
/blog/adhd-treatment-texas,Blog Article,Adults with ADHD concerns,ADHD Treatment Texas | Physician-Led Virtual Care | Siya Health,ADHD Treatment in Texas: Physician-Led Virtual Care for Adults,index,in sitemap,,15,Keep,SEO / educational; periodic review
/blog/adult-adhd-symptoms-california,Blog Article,Adults with ADHD concerns,Adult ADHD Symptoms in California: Patterns Worth Taking Seriously | Siya Health,Adult ADHD Symptoms in California: Patterns Worth Taking Seriously,index,in sitemap,,8,Keep,SEO / educational; periodic review
/blog/adult-adhd-treatment-california-2026,Blog Article,Adults with ADHD concerns,Adult ADHD Treatment in California: Options in 2026 | Siya Health,Adult ADHD Treatment in California: What Your Options Are in 2026,index,in sitemap,,3,Keep,SEO / educational; periodic review
/blog/compounded-vs-branded-glp1-medications,Blog Article,Weight-loss patients,Compounded vs Branded GLP-1 Medications (2026): Safety &amp; Standards | Siya He,Compounded vs Branded GLP-1 Medications: What Patients Should Know (2026),index,in sitemap,,6,Keep,SEO / educational; periodic review
/blog/executive-dysfunction-adhd,Blog Article,Adults with ADHD concerns,"Executive Dysfunction in ADHD: Signs, Domains &amp; What Helps | Siya Health",Executive Dysfunction in ADHD: What It Is and How It Shows Up in Adults,index,in sitemap,,18,Keep,SEO / educational; periodic review
/blog/food-noise-and-glp-1-what-it-means-and-what-helps,Blog Article,Weight-loss patients,Food Noise and GLP-1: What It Means and What Actually Helps (2026) | Siya Health,Food Noise and GLP-1: What It Means and What Actually Helps (2026),index,in sitemap,,18,Keep,SEO / educational; periodic review
/blog/free-testosterone-vs-total-testosterone-what-patients-should-know,Blog Article,Men’s health patients,Free Testosterone vs Total Testosterone: What Patients Should Know | Siya Health,Free Testosterone vs Total Testosterone: What Patients Should Know,index,in sitemap,,14,Keep,SEO / educational; periodic review
/blog/glp1-side-effects-and-how-to-manage-them,Blog Article,Weight-loss patients,GLP-1 Side Effects &amp; How to Manage Them (2026) | Siya Health,GLP-1 Side Effects and How to Manage Them (2026),index,in sitemap,,6,Keep,SEO / educational; periodic review
/blog/how-adhd-medication-is-prescribed-online,Blog Article,Adults with ADHD concerns,"How ADHD Medication Is Prescribed Online in 2026 (Laws, Safety &amp; Standards) ",How ADHD Medication Is Prescribed Online (2026),index,in sitemap,,19,Keep,SEO / educational; periodic review
/blog/how-mental-health-affects-weight-loss-outcomes,Blog Article,Weight-loss patients,How Mental Health Affects Weight Loss Outcomes (2026) | Siya Health,How Mental Health Affects Weight Loss Outcomes (2026),index,in sitemap,,9,Keep,SEO / educational; periodic review
/blog/how-to-choose-adhd-provider-california,Blog Article,Adults with ADHD concerns,How to Choose an ADHD Provider in California (Red Flags Included) | Siya Health,How to Choose an ADHD Provider in California,index,in sitemap,,3,Keep,SEO / educational; periodic review
/blog/how-to-know-if-you-have-adhd-adult,Blog Article,Adults with ADHD concerns,How to Know If You Have ADHD as an Adult (Real Signs Explained) | Siya Health,How to Know If You Have ADHD as an Adult (Real Signs Explained),index,in sitemap,,156,Keep,SEO / educational; periodic review
/blog/how-to-safely-get-prescriptions-online,Blog Article,General patients,How to Safely Get Prescriptions Online (2026 Checklist) | Siya Health,How to Safely Get Prescriptions Online (2026),index,in sitemap,,12,Keep,SEO / educational; periodic review
/blog/insomnia-treatment-options-beyond-medication,Blog Article,General patients,Insomnia Treatment Options Beyond Medication (2026) | Siya Health,Insomnia Treatment Beyond Medication (2026),index,in sitemap,,4,Keep,SEO / educational; periodic review
/blog/insulin-resistance-and-weight-loss-clinician-overview,Blog Article,Weight-loss patients,Insulin Resistance and Weight Loss: A Clinician-Guided Overview | Siya Health,Insulin Resistance and Weight Loss: A Clinician-Guided Overview,index,in sitemap,,20,Keep,SEO / educational; periodic review
/blog/iron-deficiency-brain-fog-adhd,Blog Article,Adults with ADHD concerns,"Iron Deficiency, Brain Fog &amp; ADHD: What Research Shows | Siya Health","Iron Deficiency, Brain Fog, and ADHD: Could Low Iron Make ADHD Symptoms Worse?",index,in sitemap,,4,Keep,SEO / educational; periodic review
/blog/is-adhd-medication-safe-long-term,Blog Article,Adults with ADHD concerns,"Is ADHD Medication Safe Long Term in 2026? Benefits, Monitoring &amp; Myths | Si",Is ADHD Medication Safe Long Term? Benefits & Monitoring (2026),index,in sitemap,,5,Keep,SEO / educational; periodic review
/blog/is-online-adhd-diagnosis-legit,Blog Article,Adults with ADHD concerns,Is Online ADHD Diagnosis Legit? What Patients Should Know | Siya Health,Is Online ADHD Diagnosis Legit? What Patients Should Know,index,in sitemap,,31,Keep,SEO / educational; periodic review
/blog/medical-weight-loss-glp1-semaglutide-texas,Blog Article,Weight-loss patients,"Medical Weight Loss in Texas: GLP-1, Semaglutide, Tirzepatide &amp; What Actuall","Medical Weight Loss in Texas: GLP-1, Semaglutide, Tirzepatide & What Actually Works",index,in sitemap,,12,Keep,SEO / educational; periodic review
/blog/medical-weight-loss-vs-dieting-what-actually-works,Blog Article,Weight-loss patients,Medical Weight Loss vs Dieting: What Actually Works in 2026 | Siya Health,Medical Weight Loss vs Dieting: What Actually Works (2026),index,in sitemap,,8,Keep,SEO / educational; periodic review
/blog/minoxidil-for-hair-loss-does-it-work,Blog Article,Men’s health patients,Minoxidil for Hair Loss: Does It Work? (2026 Evidence) | Siya Health,Minoxidil for Hair Loss: Does It Work? (2026),index,in sitemap,,7,Keep,SEO / educational; periodic review
/blog/non-stimulant-adhd-medications-explained,Blog Article,Adults with ADHD concerns,Non-Stimulant ADHD Meds: When Are They Used Instead of Stimulants? | Siya Health,When Do Adults Use Non-Stimulant ADHD Medications?,index,in sitemap,,5,Keep,SEO / educational; periodic review
/blog/online-adhd-diagnosis-california,Blog Article,Adults with ADHD concerns,"Online ADHD Diagnosis in California (2026): Cost, Process &amp; What to Expect |","Online ADHD Diagnosis in California: Cost, Process & What to Expect",index,in sitemap,,18,Keep,SEO / educational; periodic review
/blog/online-adhd-diagnosis-texas,Blog Article,Adults with ADHD concerns,"Online ADHD Diagnosis in Texas (2026): Cost, Process &amp; What to Expect | Siya","Online ADHD Diagnosis in Texas: Cost, Process & What to Expect",index,in sitemap,,20,Keep,SEO / educational; periodic review
/blog/oral-vs-injectable-weight-loss-medications,Blog Article,Weight-loss patients,Oral vs Injectable Weight Loss Medications (2026): GLP-1 &amp; Beyond | Siya Hea,Oral vs Injectable Weight Loss Medications: What to Know (2026),index,in sitemap,,3,Keep,SEO / educational; periodic review
/blog/oral-vs-topical-minoxidil-which-is-right,Blog Article,Men’s health patients,Oral vs Topical Minoxidil for Hair Loss (2026) | Siya Health,Oral vs Topical Minoxidil: Which Is Right? (2026),index,in sitemap,,7,Keep,SEO / educational; periodic review
/blog/phentermine-for-weight-loss-safety-and-effectiveness,Blog Article,Weight-loss patients,Phentermine for Weight Loss: Safety &amp; Effectiveness in 2026 | Siya Health,Phentermine for Weight Loss: Safety and Effectiveness (2026),index,in sitemap,,2,Keep,SEO / educational; periodic review
/blog/pots-and-adhd,Blog Article,Adults with ADHD concerns,"POTS and ADHD: Shared Symptoms, Overlap &amp; What Research Shows | Siya Health",POTS and ADHD: Why Researchers Are Exploring the Connection,index,in sitemap,,2,Keep,SEO / educational; periodic review
/blog/semaglutide-for-weight-loss-how-it-works,Blog Article,Weight-loss patients,Semaglutide for Weight Loss: How It Works in 2026 (GLP-1 Science) | Siya Health,Semaglutide for Weight Loss: How It Works (2026 Clinical Overview),index,in sitemap,,8,Keep,SEO / educational; periodic review
/blog/sildenafil-for-erectile-dysfunction-what-to-expect,Blog Article,Men’s health patients,Sildenafil for Erectile Dysfunction: What to Expect (2026) | Siya Health,Sildenafil for Erectile Dysfunction: What to Expect (2026),index,in sitemap,,4,Keep,SEO / educational; periodic review
/blog/sleep-apnea-fatigue-metabolic-risk-when-snoring-is-not-benign,Blog Article,General patients,"Sleep Apnea, Fatigue &amp; Metabolic Risk: When Snoring Is Not Benign | Siya Hea","Sleep Apnea, Fatigue, and Metabolic Risk: When Snoring Is Not Benign",index,in sitemap,,8,Keep,SEO / educational; periodic review
/blog/telehealth,Blog Hub,General patients,Telehealth Articles (2026) — Online ADHD Diagnosis &amp; Safe Prescribing | Siya,Telehealth articles,index,in sitemap,,155,Keep,SEO / educational; periodic review
/blog/telehealth-prescriptions-how-online-treatment-works,Blog Article,General patients,Telehealth Prescriptions: How Online Treatment Works (2026) | Siya Health,Telehealth Prescriptions: How Online Treatment Works (2026),index,in sitemap,,5,Keep,SEO / educational; periodic review
/blog/tirzepatide-vs-semaglutide-which-is-better,Blog Article,Weight-loss patients,Tirzepatide vs Semaglutide for Weight Loss (2026): Compare GLP-1 Options | Siya ,Tirzepatide vs Semaglutide: Which Is Better for Weight Loss? (2026),index,in sitemap,,4,Keep,SEO / educational; periodic review
/blog/vyvanse-vs-adderall-differences,Blog Article,General patients,Vyvanse vs Adderall: Which Lasts Longer for Adult ADHD? | Siya Health,Vyvanse vs Adderall: Which Lasts Longer for Adults?,index,in sitemap,,6,Keep,SEO / educational; periodic review
/blog/weight-loss,Blog Hub,Weight-loss patients,Weight Loss Articles (2026) — GLP-1 &amp; Medical Metabolic Care | Siya Health B,Weight loss articles,index,in sitemap,,155,Keep,SEO / educational; periodic review
/blog/when-is-testosterone-therapy-appropriate,Blog Article,Men’s health patients,When Is Testosterone Therapy Appropriate? (2026 Guide) | Siya Health,When Is Testosterone Therapy Appropriate? (2026),index,in sitemap,,6,Keep,SEO / educational; periodic review
/blog/why-am-i-always-tired-causes-when-to-see-doctor,Blog Article,Men’s health patients,Why Am I Always Tired? Causes and When to See a Doctor | Siya Health,Why Am I Always Tired? Causes and When to See a Doctor,index,in sitemap,,17,Keep,SEO / educational; periodic review
/blog/youre-not-lazy-signs-undiagnosed-adult-adhd,Blog Article,Adults with ADHD concerns,"You’re Not Lazy: Undiagnosed Adult ADHD Signs | TX, PA, FL | Siya Health",You’re Not Lazy: Signs You May Have Undiagnosed Adult ADHD,index,in sitemap,,16,Keep,SEO / educational; periodic review
/book-appointment,Service Page,General patients,Book an Appointment | Siya Health,Choose How You Want to Get Started,index,in sitemap,,155,Standardize,Keep URL/SEO; align copy+structure to service blueprint
/creyos-adhd-testing,Service Page,Adults with ADHD concerns,Creyos ADHD Testing Online | Part of $199 Evaluation | Siya Health,Creyos ADHD Testing (Included in Your Evaluation),index,in sitemap,,6,Standardize,Keep URL/SEO; align copy+structure to service blueprint
/intake,Utility,Converting patients,Secure Intake | Siya Health,,noindex,in sitemap,,,Noindex,"Utility/conversion page; keep noindex, out of sitemap"
/labs,Service Page,General patients,Diagnostic Lab Services | Siya Health,Diagnostic Lab Services,index,in sitemap,,162,Standardize,Keep URL/SEO; align copy+structure to service blueprint
/legal,Legal,All / regulators,Legal &amp; Compliance | Siya Health,Legal & Compliance,index,in sitemap,,163,Keep,Compliance; counsel-sourced
/legal/controlled-substance-treatment-agreement,Legal,All / regulators,Controlled Substance Treatment Agreement | Siya Health,Controlled Substance Treatment Agreement,index,in sitemap,,87,Keep,Compliance; counsel-sourced
/legal/cookie-policy,Legal,All / regulators,Cookie Policy | Siya Health,Cookie Policy,index,in sitemap,,163,Keep,Compliance; counsel-sourced
/legal/notice-of-privacy-practices,Legal,All / regulators,Notice of Privacy Practices | Siya Health,Notice of Privacy Practices,index,in sitemap,,164,Keep,Compliance; counsel-sourced
/legal/privacy-policy,Legal,All / regulators,Privacy Policy | Siya Health,Privacy Policy,index,in sitemap,,164,Keep,Compliance; counsel-sourced
/legal/terms-of-use,Legal,All / regulators,Terms of Use | Siya Health,Terms of Use,index,in sitemap,,164,Keep,Compliance; counsel-sourced
/mens-health-longevity,Service Page,Men’s health patients,Men's Health &amp; Longevity | Siya Health,"When energy, drive, and focus don't feel like they used to",index,in sitemap,,157,Keep,Blueprint-aligned core service page
/online-adhd-test,Page,Adults with ADHD concerns,Online ADHD Test &amp; Screening (Free) | Siya Health,,noindex,not in sitemap,,,Redirect,Legacy shell; 301 → /adhd-screening already live in vercel.json
/prescriptions,Service Page,General patients,Online Prescription Services | Siya Health,Online Prescription Services,index,in sitemap,,7,Standardize,Keep URL/SEO; align copy+structure to service blueprint
/pricing,Page,General patients,Pricing | Siya Health,Transparent pricing for physician-led care,index,in sitemap,,157,Standardize,Keep URL/SEO; align copy+structure to service blueprint
/primary-urgent-care,Service Page,General patients,Concierge Primary Care | Siya Health,"Primary & Urgent Care — Virtual, Same-Week",index,in sitemap,,7,Standardize,Keep URL/SEO; align copy+structure to service blueprint
/privacy-policy,Page,General patients,Privacy Policy Redirect | Siya Health,,noindex,not in sitemap,,,Redirect,Legacy shell; 301 → /legal/privacy-policy already live in vercel.json
/providers,Provider Hub,Prospective patients,Our Care Team | Siya Health,Our Care Team,index,in sitemap,,164,Keep,E-E-A-T / trust
/providers/derek-timbs,Provider Profile,Prospective patients,"Derek Timbs, FNP-BC | Medical Weight Loss &amp; Men's Health | Siya Health","Derek Timbs, FNP-BC",index,in sitemap,,8,Keep,E-E-A-T / trust
/providers/dr-natasha-desai,Provider Profile,Prospective patients,"Dr. Natasha Desai, MD | Adult ADHD &amp; Family Medicine | Siya Health","Dr. Natasha Desai, MD",index,in sitemap,,18,Keep,E-E-A-T / trust
/providers/dr-sneh-pandey,Provider Profile,Prospective patients,"Dr. Sneh Pandey, MD | Adult ADHD &amp; Metabolic Care | Siya Health","Dr. Sneh Pandey, MD",index,in sitemap,,35,Keep,E-E-A-T / trust
/providers/dr-swati-pandey,Provider Profile,Prospective patients,"Dr. Swati Pandey, MD | Internal Medicine &amp; Adult ADHD | Siya Health","Dr. Swati Pandey, MD",index,in sitemap,,11,Keep,E-E-A-T / trust
/providers/dr-vanessa-urbina,Provider Profile,Prospective patients,"Dr. Vanessa Urbina, MD | Family Medicine &amp; ADHD | Siya Health","Dr. Vanessa Urbina, MD",index,in sitemap,,15,Keep,E-E-A-T / trust
/providers/megan-wunderlich,Provider Profile,Prospective patients,"Megan Wunderlich, FNP-C | ADHD &amp; Mental Health Telehealth | Siya Health","Megan Wunderlich, FNP-C",index,in sitemap,,10,Keep,E-E-A-T / trust
/providers/wendy-delgado,Provider Profile,Prospective patients,"Wendy Delgado, PA-C | Medical Weight Loss Telehealth | Siya Health","Wendy Delgado, PA-C",index,in sitemap,,5,Keep,E-E-A-T / trust
/redirect/adhd-evaluation,Utility,Converting patients,Starting Your ADHD Evaluation | Siya Health,,noindex,not in sitemap,,,Noindex,"Utility/conversion page; keep noindex, out of sitemap"
/redirect/adhd-walkthrough,Utility,Converting patients,Booking Your Free Meet &amp; Greet (Legacy Path) | Siya Health,,noindex,not in sitemap,,,Noindex,"Utility/conversion page; keep noindex, out of sitemap"
/redirect/chat,Utility,Converting patients,Connecting to Secure Medical Chat | Siya Health,,noindex,not in sitemap,,,Noindex,"Utility/conversion page; keep noindex, out of sitemap"
/redirect/meet-greet,Utility,Converting patients,Booking Your Free Meet &amp; Greet | Siya Health,,noindex,not in sitemap,,,Noindex,"Utility/conversion page; keep noindex, out of sitemap"
/siya-circle,Page,General patients,Siya Circle | Free Health Education Newsletter,,noindex,not in sitemap,,,Redirect,Legacy shell; 301 → external GHL form already live in vercel.json
/telehealth,Service Page,General patients,Virtual Medical Care | Siya Health Telehealth,Need a doctor without rearranging your entire day?,index,in sitemap,,164,Keep,Blueprint-aligned core service page
/terms,Page,General patients,Terms Redirect | Siya Health,,noindex,not in sitemap,,,Redirect,Legacy shell; 301 → /legal/terms-of-use already live in vercel.json
/weight-loss-metabolic-health,Service Page,Weight-loss patients,Provider-Guided Medical Weight Loss | Siya Health,"When your appetite, energy, and weight stop making sense",index,in sitemap,,164,Keep,Blueprint-aligned core service page
/womens-health,Page,Men’s health patients,Women's Health &amp; Hormone Care | Siya Health,"Women's Health — Hormones, PCOS, Whole-Person Care",index,in sitemap,,155,Standardize,Keep URL/SEO; align copy+structure to service blueprint
