URL,Page Type,Primary Purpose,Primary CTA,Secondary CTA,Traffic Intent,Target Keyword,Word Count,Internal Links In,Internal Links Out,Groups
https://siya.health/,Homepage,Brand entry; route patients to core services and booking,Explore our care model → #how-it-works,See everyone on the care team → /providers,Navigational / Commercial,Welcome to an integrated care experience for busy professionals,1039,213,9,Core Revenue Pages
https://siya.health/about,About,Build trust; explain mission and care team,How the practice is set up → #about-company,Meet the care team → #care-team,Trust / Navigational,Working professionals weren’t failing. The healthcare system was.,601,206,14,Trust Pages
https://siya.health/adhd-care,Service Page,Convert ADHD evaluation and treatment interest to booking,Book Free Meet & Greet → /redirect/meet-greet,Free screening → /adhd-screening,Commercial / Transactional,Adult ADHD care for working professionals,87,144,7,Core Revenue Pages
https://siya.health/adhd-care/miami,Page,"Adult ADHD evaluation for Miami and South Florida via Florida-licensed telehealth. Free screening, structured virtual visits, and transparent cash-pay pricing—no travel to a clinic required.",Take Free ADHD Screening → /adhd-screening,Book Free Meet & Greet → /redirect/meet-greet,Mixed,"Adult ADHD evaluation in Miami, FL",800,0,14,Orphan Pages
https://siya.health/adhd-care/orlando,Page,"Adult ADHD evaluation for Orlando and Central Florida via Florida-licensed telehealth. Free screening, structured virtual visits, clear pricing—complete care without commuting to a clinic.",Take Free ADHD Screening → /adhd-screening,Book Free Meet & Greet → /redirect/meet-greet,Mixed,"Adult ADHD evaluation in Orlando, FL",744,0,14,Orphan Pages
https://siya.health/adhd-care/san-diego,Page,"Adult ADHD evaluation for San Diego via California-licensed telehealth. Free screening, structured virtual visits, and cash-pay pricing—no San Diego clinic visit required.",Take Free ADHD Screening → /adhd-screening,Book Free Meet & Greet → /redirect/meet-greet,Mixed,"Adult ADHD evaluation in San Diego, CA",769,0,14,Orphan Pages
https://siya.health/adhd-diagnosis-texas,Geo SEO Landing,Local/state ADHD intent capture; drive evaluation booking,Take Free ADHD Screening → /adhd-screening,Book Free Meet & Greet → /redirect/meet-greet,Local SEO / Commercial,Online ADHD Diagnosis in Texas,437,3,17,Core Revenue Pages; SEO Pages
https://siya.health/adhd-screening,Service Page,Top-of-funnel ADHD screening; lead to evaluation,Continue to next steps → /adhd-screening-results,—,Commercial / Transactional,What are you looking for help with?,446,57,12,Core Revenue Pages
https://siya.health/adult-adhd-california,Page,"The complete guide to adult ADHD in California: what it looks like, when evaluation helps, how online diagnosis works, treatment options, women & ADHD, executive dysfunction, pricing, and a free screening. Physician-led telehealth for California adults.",Take Free ADHD Screening → /adhd-screening,Book Free Meet & Greet → /redirect/meet-greet,Mixed,Adult ADHD care in California,1622,27,42,Utility Pages
https://siya.health/answers,Health Guide Hub,FAQ/PAA discovery hub for AI and organic search,Join Our Health Guide → /siya-circle#siya-circle-signup,View all Metabolic Health guides → #guides-metabolic-all,Informational / Navigational,Health Guides,942,104,37,Educational Pages
https://siya.health/answers/adderall-vs-vyvanse-adults,Health Guide,Answer specific patient question; support SEO and conversion,Book Free Meet & Greet → → /adhd-care,Vyvanse vs Adderall: full comparison guide → /blog/vyvanse-vs-adderall-differences,Informational,When might Vyvanse be preferred over Adderall for adults?,605,2,14,Duplicate Pages; Educational Pages
https://siya.health/answers/adhd-and-weight-loss-connection,Health Guide,Answer specific patient question; support SEO and conversion,Book Free Meet & Greet → → /adhd-care,—,Informational,Is there a connection between ADHD and weight loss struggles?,546,5,15,Educational Pages
https://siya.health/answers/adhd-in-women,Health Guide,Answer specific patient question; support SEO and conversion,Book Free Meet & Greet → → /adhd-care,our full guide to ADHD in women → /guides/hormonal-health#ho-women,Informational,How does ADHD present differently in women?,619,0,13,Orphan Pages; Educational Pages
https://siya.health/answers/adhd-medication-every-day,Health Guide,Answer specific patient question; support SEO and conversion,Book Free Meet & Greet → → /adhd-care,ADHD medication daily or as-needed (full guide) → /blog/adhd-medication-daily-or-as-needed-adults,Informational,Do you have to take ADHD medication every day?,575,3,14,Educational Pages
https://siya.health/answers/adhd-medication-side-effects,Health Guide,Answer specific patient question; support SEO and conversion,Book Free Meet & Greet → → /adhd-care,ADHD medication side effects: what to expect (full guide) → /blog/adhd-medication-side-effects-what-to-expect,Informational,What ADHD medication side effects are most common in the first weeks?,657,5,14,Duplicate Pages; Educational Pages
https://siya.health/answers/adhd-vs-anxiety,Health Guide,Answer specific patient question; support SEO and conversion,Book Free Meet & Greet → → /adhd-care,—,Informational,How do you tell ADHD apart from anxiety?,985,0,12,Orphan Pages; Educational Pages
https://siya.health/answers/adhd-vs-burnout,Health Guide,Answer specific patient question; support SEO and conversion,Book Free Meet & Greet → → /adhd-care,—,Informational,Is it ADHD or burnout?,1102,0,15,Orphan Pages; Educational Pages
https://siya.health/answers/adhd-workplace-accommodations,Health Guide,Answer specific patient question; support SEO and conversion,Book Free Meet & Greet → → /adhd-care,—,Informational,Can ADHD support workplace accommodations?,670,0,17,Orphan Pages; Educational Pages
https://siya.health/answers/afternoon-energy-crash-after-lunch,Health Guide,Answer specific patient question; support SEO and conversion,Explore Metabolic Care → → /weight-loss-metabolic-health,Read the full clinical guide → /fatigue,Informational,Why do I crash every afternoon after lunch?,1348,2,15,Educational Pages
https://siya.health/answers/asrs-adhd-screening-explained,Health Guide,Answer specific patient question; support SEO and conversion,Book Free Meet & Greet → → /adhd-care,—,Informational,What is the ASRS ADHD screening test?,508,0,13,Orphan Pages; Educational Pages
https://siya.health/answers/brain-fog-after-eating,Health Guide,Answer specific patient question; support SEO and conversion,Explore Metabolic Care → → /weight-loss-metabolic-health,Read the full clinical guide → /guides/weight#wt-insulin,Informational,Why do I get brain fog after eating?,1338,13,15,Educational Pages
https://siya.health/answers/can-adhd-be-diagnosed-online,Health Guide,Answer specific patient question; support SEO and conversion,Book Free Meet & Greet → → /adhd-care,—,Informational,Can ADHD be diagnosed online?,821,35,14,Educational Pages
https://siya.health/answers/can-adhd-cause-anxiety,Health Guide,Answer specific patient question; support SEO and conversion,Book Free Meet & Greet → → /adhd-care,—,Informational,Can ADHD cause anxiety?,842,0,12,Orphan Pages; Educational Pages
https://siya.health/answers/can-sleep-apnea-cause-fatigue,Health Guide,Answer specific patient question; support SEO and conversion,Explore Telehealth Care → → /telehealth,"Sleep apnea, fatigue, and metabolic risk (full guide) → /guides/sleep#sl-apnea",Informational,Can sleep apnea cause fatigue?,685,0,14,Orphan Pages; Educational Pages
https://siya.health/answers/can-you-get-adhd-medication-online,Health Guide,Answer specific patient question; support SEO and conversion,Book Free Meet & Greet → → /adhd-care,—,Informational,Can you get ADHD medication online?,487,3,14,Educational Pages
https://siya.health/answers/compounded-vs-branded-glp-1,Health Guide,Answer specific patient question; support SEO and conversion,Explore Metabolic Care → → /weight-loss-metabolic-health,Compounded vs branded GLP-1 medications (full guide) → /blog/compounded-vs-branded-glp1-medications,Informational,What should you ask about compounded vs branded GLP-1?,631,3,12,Duplicate Pages; Educational Pages
https://siya.health/answers/ed-telehealth-legitimate,Health Guide,Answer specific patient question; support SEO and conversion,Explore Men’s Health → → /mens-health-longevity,—,Informational,Is telehealth for erectile dysfunction legitimate?,432,1,11,Educational Pages
https://siya.health/answers/executive-dysfunction-adhd,Health Guide,Answer specific patient question; support SEO and conversion,Book Free Meet & Greet → → /adhd-care,our full guide to executive dysfunction in ADHD → /guides/mental-health-and-adhd#mh-work,Informational,What is executive dysfunction in adult ADHD?,625,0,14,Orphan Pages; Educational Pages
https://siya.health/answers/food-noise-returned-on-glp-1,Health Guide,Answer specific patient question; support SEO and conversion,Explore Metabolic Care → → /weight-loss-metabolic-health,Food noise and GLP-1: what it means and what helps (full guide) → /guides/weight#wt-food-noise,Informational,Why did food noise come back on GLP-1?,1353,0,13,Orphan Pages; Educational Pages
https://siya.health/answers/fsa-hsa-adhd-evaluation,Health Guide,Answer specific patient question; support SEO and conversion,Book Free Meet & Greet → → /adhd-care,—,Informational,Can you use FSA or HSA for ADHD evaluation?,542,1,14,Educational Pages
https://siya.health/answers/glp-1-nausea-management,Health Guide,Answer specific patient question; support SEO and conversion,Explore Metabolic Care → → /weight-loss-metabolic-health,GLP-1 side effects and how to manage them (full guide) → /guides/weight#wt-glp1,Informational,How do you manage GLP-1 nausea?,574,0,13,Orphan Pages; Educational Pages
https://siya.health/answers/glp-1-side-effects,Health Guide,Answer specific patient question; support SEO and conversion,Explore Metabolic Care → → /weight-loss-metabolic-health,GLP-1 side effects and how to manage them (full guide) → /guides/weight#wt-glp1,Informational,Which GLP-1 side effects usually improve with titration?,1087,0,14,Duplicate Pages; Orphan Pages; Educational Pages
https://siya.health/answers/high-functioning-adhd,Health Guide,Answer specific patient question; support SEO and conversion,Book Free Meet & Greet → → /adhd-care,—,Informational,Can you have ADHD and still be high-functioning?,542,0,13,Orphan Pages; Educational Pages
https://siya.health/answers/high-shbg-low-free-testosterone,Health Guide,Answer specific patient question; support SEO and conversion,Explore Men’s Health → → /mens-health-longevity,Free vs total testosterone: what patients should know (full guide) → /guides/hormonal-health#ho-free,Informational,What does high SHBG with low free testosterone mean?,1278,0,12,Orphan Pages; Educational Pages
https://siya.health/answers/how-long-adhd-evaluation,Health Guide,Answer specific patient question; support SEO and conversion,Book Free Meet & Greet → → /adhd-care,—,Informational,How long does an ADHD evaluation take?,485,9,13,Educational Pages
https://siya.health/answers/how-much-does-adhd-testing-cost,Health Guide,Answer specific patient question; support SEO and conversion,Book Free Meet & Greet → → /adhd-care,—,Informational,How much does ADHD testing cost?,502,3,14,Educational Pages
https://siya.health/answers/how-online-prescriptions-work,Health Guide,Answer specific patient question; support SEO and conversion,Explore Telehealth Care → → /telehealth,—,Informational,How do online prescriptions work legally?,786,5,14,Educational Pages
https://siya.health/answers/insulin-resistance-without-diabetes,Health Guide,Answer specific patient question; support SEO and conversion,Explore Metabolic Care → → /weight-loss-metabolic-health,Insulin resistance and weight loss (clinician overview) → /guides/weight#wt-insulin,Informational,Can you have insulin resistance without diabetes?,922,0,13,Orphan Pages; Educational Pages
https://siya.health/answers/is-adhd-medication-safe-long-term,Health Guide,Answer specific patient question; support SEO and conversion,Book Free Meet & Greet → → /adhd-care,Is ADHD medication safe long-term? (full guide) → /blog/is-adhd-medication-safe-long-term,Informational,What does long-term ADHD medication safety monitoring include?,601,6,14,Duplicate Pages; Educational Pages
https://siya.health/answers/is-online-adhd-diagnosis-legitimate,Health Guide,Answer specific patient question; support SEO and conversion,Book Free Meet & Greet → → /adhd-care,Is online ADHD diagnosis legit? (full clinical guide) → /blog/is-online-adhd-diagnosis-legit,Informational,What should you look for in a legitimate online ADHD diagnosis?,927,35,14,Duplicate Pages; Educational Pages
https://siya.health/answers/is-telehealth-legitimate,Health Guide,Answer specific patient question; support SEO and conversion,Explore Telehealth Care → → /telehealth,—,Informational,Is telehealth legitimate for medical care?,787,7,14,Educational Pages
https://siya.health/answers/late-adhd-diagnosis-adults,Health Guide,Answer specific patient question; support SEO and conversion,Book Free Meet & Greet → → /adhd-care,—,Informational,Why are so many adults diagnosed with ADHD late in life?,567,0,13,Orphan Pages; Educational Pages
https://siya.health/answers/medical-weight-loss-vs-dieting,Health Guide,Answer specific patient question; support SEO and conversion,Explore Metabolic Care → → /weight-loss-metabolic-health,Medical weight loss vs dieting: what actually works (full guide) → /blog/medical-weight-loss-vs-dieting-what-actually-works,Informational,When does medical weight loss outperform dieting alone?,644,6,14,Duplicate Pages; Educational Pages
https://siya.health/answers/meet-and-greet-telehealth-expectations,Health Guide,Answer specific patient question; support SEO and conversion,Explore Telehealth Care → → /telehealth,—,Informational,What should I expect from a first telehealth visit?,812,6,14,Educational Pages
https://siya.health/answers/normal-a1c-insulin-resistance,Health Guide,Answer specific patient question; support SEO and conversion,Explore Metabolic Care → → /weight-loss-metabolic-health,Insulin resistance and weight loss (clinician overview) → /guides/weight#wt-insulin,Informational,Can you have insulin resistance with a normal A1C?,1003,0,13,Orphan Pages; Educational Pages
https://siya.health/answers/oral-vs-topical-minoxidil,Health Guide,Answer specific patient question; support SEO and conversion,Explore Men’s Health → → /mens-health-longevity,Oral vs topical minoxidil: which is right? (full guide) → /blog/oral-vs-topical-minoxidil-which-is-right,Informational,When is topical minoxidil enough vs oral minoxidil?,515,1,12,Duplicate Pages; Educational Pages
https://siya.health/answers/poor-sleep-feels-like-adhd,Health Guide,Answer specific patient question; support SEO and conversion,Book Free Meet & Greet → → /adhd-care,Read the full clinical guide → /fatigue,Informational,Can poor sleep feel like ADHD?,1240,0,17,Orphan Pages; Educational Pages
https://siya.health/answers/rejection-sensitivity-adhd,Health Guide,Answer specific patient question; support SEO and conversion,Book Free Meet & Greet → → /adhd-care,—,Informational,What is rejection sensitive dysphoria (RSD) and ADHD?,550,0,12,Orphan Pages; Educational Pages
https://siya.health/answers/screening-vs-adhd-evaluation,Health Guide,Answer specific patient question; support SEO and conversion,Book Free Meet & Greet → → /adhd-care,—,Informational,What is the difference between ADHD screening and a full evaluation?,551,0,14,Orphan Pages; Educational Pages
https://siya.health/answers/semaglutide-weight-loss-how-it-works,Health Guide,Answer specific patient question; support SEO and conversion,Explore Metabolic Care → → /weight-loss-metabolic-health,Semaglutide for weight loss: how it works (full guide) → /blog/semaglutide-for-weight-loss-how-it-works,Informational,How quickly does semaglutide start working for weight loss?,1102,5,15,Duplicate Pages; Educational Pages
https://siya.health/answers/signs-of-adult-adhd,Health Guide,Answer specific patient question; support SEO and conversion,Book Free Meet & Greet → → /adhd-care,—,Informational,What are the signs of adult ADHD?,938,0,16,Orphan Pages; Educational Pages
https://siya.health/answers/signs-of-sleep-apnea-in-adults,Health Guide,Answer specific patient question; support SEO and conversion,Explore Telehealth Care → → /telehealth,"Sleep apnea, fatigue, and metabolic risk (full guide) → /guides/sleep#sl-apnea",Informational,What are the signs of sleep apnea in adults?,688,0,15,Orphan Pages; Educational Pages
https://siya.health/answers/starting-adhd-medication-adults,Health Guide,Answer specific patient question; support SEO and conversion,Book Free Meet & Greet → → /adhd-care,—,Informational,What should adults expect when starting ADHD medication?,924,26,14,Educational Pages
https://siya.health/answers/telehealth-adhd-california,Health Guide,Answer specific patient question; support SEO and conversion,Book Free Meet & Greet → → /adhd-care,ADHD telehealth in California (full overview) → /blog/adhd-telehealth-california,Informational,How does ADHD telehealth work in California?,570,7,14,Educational Pages
https://siya.health/answers/telehealth-adhd-texas,Health Guide,Answer specific patient question; support SEO and conversion,Book Free Meet & Greet → → /adhd-care,—,Informational,How does ADHD telehealth work in Texas?,495,3,14,Educational Pages
https://siya.health/answers/testosterone-and-adhd-overlap,Health Guide,Answer specific patient question; support SEO and conversion,Book Free Meet & Greet → → /adhd-care,—,Informational,Can low testosterone mimic ADHD?,515,0,14,Orphan Pages; Educational Pages
https://siya.health/answers/time-blindness-adhd,Health Guide,Answer specific patient question; support SEO and conversion,Book Free Meet & Greet → → /adhd-care,executive dysfunction and time blindness in ADHD → /guides/mental-health-and-adhd#mh-work,Informational,What is time blindness in ADHD?,580,0,11,Orphan Pages; Educational Pages
https://siya.health/answers/trt-monitoring-requirements,Health Guide,Answer specific patient question; support SEO and conversion,Explore Men’s Health → → /mens-health-longevity,When is testosterone therapy appropriate? (full guide) → /guides/hormonal-health#ho-therapy,Informational,How often is TRT monitoring required?,914,5,11,Duplicate Pages; Educational Pages
https://siya.health/answers/what-does-low-testosterone-feel-like,Health Guide,Answer specific patient question; support SEO and conversion,Explore Men’s Health → → /mens-health-longevity,Free vs total testosterone: what patients should know (full guide) → /guides/hormonal-health#ho-free,Informational,What does low testosterone feel like?,546,0,12,Orphan Pages; Educational Pages
https://siya.health/answers/what-happens-after-adhd-evaluation,Health Guide,Answer specific patient question; support SEO and conversion,Book Free Meet & Greet → → /adhd-care,—,Informational,What happens after an ADHD evaluation?,684,1,13,Educational Pages
https://siya.health/answers/what-included-199-adhd-evaluation,Health Guide,Answer specific patient question; support SEO and conversion,Book Free Meet & Greet → → /adhd-care,—,Informational,What is included in a Siya Health ADHD evaluation?,546,9,14,Educational Pages
https://siya.health/answers/what-is-food-noise,Health Guide,Answer specific patient question; support SEO and conversion,Explore Metabolic Care → → /weight-loss-metabolic-health,Food noise and GLP-1: what it means and what helps (full guide) → /guides/weight#wt-food-noise,Informational,What is food noise?,992,22,12,Educational Pages
https://siya.health/answers/what-is-free-testosterone,Health Guide,Answer specific patient question; support SEO and conversion,Explore Men’s Health → → /mens-health-longevity,Free vs total testosterone: what patients should know (full guide) → /guides/hormonal-health#ho-free,Informational,What is free testosterone?,889,0,12,Orphan Pages; Educational Pages
https://siya.health/answers/what-is-insulin-resistance,Health Guide,Answer specific patient question; support SEO and conversion,Explore Metabolic Care → → /weight-loss-metabolic-health,Insulin resistance and weight loss (clinician overview) → /guides/weight#wt-insulin,Informational,What is insulin resistance?,1100,0,13,Orphan Pages; Educational Pages
https://siya.health/answers/what-to-do-after-lab-results,Health Guide,Answer specific patient question; support SEO and conversion,Explore Labs → → /labs,Read the full clinical guide → /fatigue,Informational,What to do after you get lab results,1179,3,16,Educational Pages
https://siya.health/answers/when-is-testosterone-therapy-appropriate,Health Guide,Answer specific patient question; support SEO and conversion,Explore Men’s Health → → /mens-health-longevity,When is testosterone therapy appropriate? (full guide) → /guides/hormonal-health#ho-therapy,Informational,What symptoms warrant testosterone therapy evaluation?,912,0,12,Duplicate Pages; Orphan Pages; Educational Pages
https://siya.health/answers/which-preventive-blood-tests-adults,Health Guide,Answer specific patient question; support SEO and conversion,Explore Metabolic Care → → /weight-loss-metabolic-health,Read the full clinical guide → /guides/weight#wt-insulin,Informational,Which preventive blood tests do adults usually need?,1325,5,17,Educational Pages
https://siya.health/answers/who-qualifies-glp-1-weight-loss,Health Guide,Answer specific patient question; support SEO and conversion,Explore Metabolic Care → → /weight-loss-metabolic-health,Medical weight loss with GLP-1 in Texas (full overview) → /blog/medical-weight-loss-glp1-semaglutide-texas,Informational,Who qualifies for GLP-1 weight loss medications?,643,0,15,Orphan Pages; Educational Pages
https://siya.health/answers/why-am-i-tired-even-after-sleeping,Health Guide,Answer specific patient question; support SEO and conversion,Explore Telehealth Care → → /telehealth,Read the full clinical guide → /fatigue,Informational,Why am I tired even after sleeping?,759,39,18,Educational Pages
https://siya.health/answers/why-normal-labs-dont-mean-healthy,Health Guide,Answer specific patient question; support SEO and conversion,Explore Metabolic Care → → /weight-loss-metabolic-health,Read the full clinical guide → /guides/weight#wt-insulin,Informational,Why don't normal labs mean you're healthy?,1398,8,13,Educational Pages
https://siya.health/blog,Blog Hub,Content discovery; distribute authority to articles,Join our newsletter → https://link.yourmarketingai.com/widget/form/HmvqrDVq3tq3qv6rkCjl,Read health guides → /answers,Informational / Navigational,Health insights for a full workweek,1030,74,39,Educational Pages
https://siya.health/blog/adderall-for-adhd-how-it-works,Blog Article,Educational SEO; nurture toward clinical services,Take Free ADHD Screening → /adhd-screening,Take Free ADHD Screening → /adhd-screening,Informational,Adderall for ADHD: How It Works (2026 Clinical Overview),1681,5,14,Educational Pages
https://siya.health/blog/adhd,Blog Hub,Content discovery; distribute authority to articles,Explore ADHD Care → → /adhd-care,—,Informational / Navigational,ADHD articles,751,95,42,Educational Pages
https://siya.health/blog/adhd-accommodations-hr-primer,Blog Article,Educational SEO; nurture toward clinical services,Request employer information → /employers#employer-inquiry-form,Take Free ADHD Screening → /adhd-screening,Informational,ADHD Accommodations at Work: An HR Primer,632,0,17,Orphan Pages; Educational Pages
https://siya.health/blog/adhd-and-binge-eating,Blog Article,Educational SEO; nurture toward clinical services,Take Free ADHD Screening → /adhd-screening,Take Free ADHD Screening → /adhd-screening,Informational,ADHD and Binge Eating: Why the Link Matters (and What Actually Helps),2117,7,21,Educational Pages
https://siya.health/blog/adhd-brain-imaging-subtypes,Blog Article,Educational SEO; nurture toward clinical services,Take Free ADHD Screening → /adhd-screening,Take Free ADHD Screening → /adhd-screening,Informational,Not All ADHD Is the Same: What New Brain Imaging Research May Mean for the Future of ADHD Care,3492,3,14,Educational Pages
https://siya.health/blog/adhd-evaluation-california-online-vs-in-person,Blog Article,Educational SEO; nurture toward clinical services,Take Free ADHD Screening → /adhd-screening,Take Free ADHD Screening → /adhd-screening,Informational,ADHD Evaluation in California: Online vs In-Person Options,566,9,19,Educational Pages; SEO Pages
https://siya.health/blog/adhd-evaluation-cost-texas,Blog Article,Educational SEO; nurture toward clinical services,Take Free ADHD Screening → /adhd-screening,Take Free ADHD Screening → /adhd-screening,Informational,ADHD Evaluation Cost in Texas: Full Breakdown (2026 Guide),662,5,15,Educational Pages; SEO Pages
https://siya.health/blog/adhd-hormones-women,Blog Article,Educational SEO; nurture toward clinical services,Book Free Meet & Greet → /redirect/meet-greet,Take Free ADHD Screening → /adhd-screening,Informational,"ADHD and Hormones in Women: Cycle, Perimenopause, and Why Symptoms Shift",2042,0,16,Orphan Pages; Educational Pages
https://siya.health/blog/adhd-in-women,Blog Article,Educational SEO; nurture toward clinical services,Book Free Meet & Greet → /redirect/meet-greet,Book Free Meet & Greet → /redirect/meet-greet,Informational,"ADHD in Women: Symptoms, Masking, Hormones, and Late Diagnosis",4475,2,23,Educational Pages
https://siya.health/blog/adhd-medication-daily-or-as-needed-adults,Blog Article,Educational SEO; nurture toward clinical services,Take Free ADHD Screening → /adhd-screening,Take Free ADHD Screening → /adhd-screening,Informational,Do Adults Need ADHD Medication Every Day?,599,7,17,Educational Pages
https://siya.health/blog/adhd-medication-online-california,Blog Article,Educational SEO; nurture toward clinical services,Take Free ADHD Screening → /adhd-screening,Take Free ADHD Screening → /adhd-screening,Informational,Can You Get ADHD Medication Online in California? What Patients Should Know,569,8,19,Educational Pages; SEO Pages
https://siya.health/blog/adhd-medication-options-california,Blog Article,Educational SEO; nurture toward clinical services,Take Free ADHD Screening → /adhd-screening,Take Free ADHD Screening → /adhd-screening,Informational,ADHD Medication Options in California: What Exists (and What Is Decided Clinically),833,13,20,Educational Pages; SEO Pages
https://siya.health/blog/adhd-medication-options-for-adults,Blog Article,Educational SEO; nurture toward clinical services,Take Free ADHD Screening → /adhd-screening,Take Free ADHD Screening → /adhd-screening,Informational,ADHD Medication Options for Adults: Where to Start,749,19,18,Educational Pages
https://siya.health/blog/adhd-medication-side-effects-what-to-expect,Blog Article,Educational SEO; nurture toward clinical services,Take Free ADHD Screening → /adhd-screening,Take Free ADHD Screening → /adhd-screening,Informational,ADHD Medication Side Effects: What to Expect (2026),707,6,16,Educational Pages
https://siya.health/blog/adhd-symptoms-overlooked,Blog Article,Educational SEO; nurture toward clinical services,Take Free ADHD Screening → /adhd-screening,Take Free ADHD Screening → /adhd-screening,Informational,7 Adult ADHD Signs Doctors Often Miss,840,0,15,Orphan Pages; Educational Pages
https://siya.health/blog/adhd-telehealth-california,Blog Article,Educational SEO; nurture toward clinical services,Take Free ADHD Screening → /adhd-screening,Take Free ADHD Screening → /adhd-screening,Informational,ADHD Telehealth in California: How Virtual Care Works,470,6,19,Educational Pages; SEO Pages
https://siya.health/blog/adhd-testing-online-california-screening-vs-evaluation,Blog Article,Educational SEO; nurture toward clinical services,Take Free ADHD Screening → /adhd-screening,Take Free ADHD Screening → /adhd-screening,Informational,ADHD Testing Online in California: Screening vs Full Evaluation,480,6,19,Educational Pages; SEO Pages
https://siya.health/blog/adhd-treatment-texas,Blog Article,Educational SEO; nurture toward clinical services,Take Free ADHD Screening → /adhd-screening,Book Free Meet & Greet → /redirect/meet-greet,Informational,ADHD Treatment in Texas: Physician-Led Virtual Care for Adults,2877,12,21,Educational Pages; SEO Pages
https://siya.health/blog/adult-adhd-symptoms-california,Blog Article,Educational SEO; nurture toward clinical services,Take Free ADHD Screening → /adhd-screening,Take Free ADHD Screening → /adhd-screening,Informational,Adult ADHD Symptoms in California: Patterns Worth Taking Seriously,928,0,19,Orphan Pages; Educational Pages; SEO Pages
https://siya.health/blog/brain-fog-after-covid,Blog Article,Educational SEO; nurture toward clinical services,Book a primary care visit → /book-appointment,Book Free Meet & Greet → /redirect/meet-greet,Informational,Brain Fog After COVID: What We Know and When to Get Help,345,6,18,Educational Pages
https://siya.health/blog/brain-fog-and-anxiety,Blog Article,Educational SEO; nurture toward clinical services,Book a primary care visit → /book-appointment,Book Free Meet & Greet → /redirect/meet-greet,Informational,Brain Fog and Anxiety: When Worry Crowds Out Clarity,361,0,18,Orphan Pages; Educational Pages
https://siya.health/blog/brain-fog-and-sleep,Blog Article,Educational SEO; nurture toward clinical services,Book a primary care visit → /book-appointment,Start Secure Medical Chat → /redirect/chat,Informational,Brain Fog and Sleep: Why Poor Rest Clouds Thinking,409,4,20,Educational Pages
https://siya.health/blog/brain-fog-at-work,Blog Article,Educational SEO; nurture toward clinical services,Book a primary care visit → /book-appointment,Book Free Meet & Greet → /redirect/meet-greet,Informational,Brain Fog at Work,475,16,20,Educational Pages
https://siya.health/blog/brain-fog-vs-adhd,Blog Article,Educational SEO; nurture toward clinical services,Book a primary care visit → /book-appointment,Take Free ADHD Screening → /adhd-screening,Informational,Brain Fog vs ADHD: How to Tell the Difference,519,0,19,Orphan Pages; Educational Pages
https://siya.health/blog/chronic-fatigue-and-work-performance,Blog Article,Educational SEO; nurture toward clinical services,Book a primary care visit → /book-appointment,Start Secure Medical Chat → /redirect/chat,Informational,Chronic Fatigue and Work Performance,458,14,20,Educational Pages
https://siya.health/blog/chronic-fatigue-vs-everyday-tiredness,Blog Article,Educational SEO; nurture toward clinical services,Book a primary care visit → /book-appointment,Start Secure Medical Chat → /redirect/chat,Informational,Chronic Fatigue vs Everyday Tiredness,318,10,19,Educational Pages
https://siya.health/blog/cognitive-health-benefits-for-employers,Blog Article,Educational SEO; nurture toward clinical services,Request employer information → /employers#employer-inquiry,Employer program overview → /employers,Informational,Cognitive Health Benefits for Employers,581,3,14,Educational Pages
https://siya.health/blog/compounded-vs-branded-glp1-medications,Blog Article,Educational SEO; nurture toward clinical services,Book Free Meet & Greet → /redirect/meet-greet,Start Secure Medical Chat → /redirect/chat,Informational,Compounded vs Branded GLP-1 Medications: What Patients Should Know (2026),1035,5,16,Educational Pages
https://siya.health/blog/executive-dysfunction-adhd,Blog Article,Educational SEO; nurture toward clinical services,Book Free Meet & Greet → /redirect/meet-greet,Book Free Meet & Greet → /redirect/meet-greet,Informational,Executive Dysfunction in ADHD: What It Is and How It Shows Up in Adults,4631,0,19,Orphan Pages; Educational Pages
https://siya.health/blog/fatigue-after-illness,Blog Article,Educational SEO; nurture toward clinical services,Book a primary care visit → /book-appointment,Start Secure Medical Chat → /redirect/chat,Informational,Fatigue After Illness,455,9,20,Educational Pages
https://siya.health/blog/fatigue-despite-normal-labs,Blog Article,Educational SEO; nurture toward clinical services,Book a primary care visit → /book-appointment,Start Secure Medical Chat → /redirect/chat,Informational,Fatigue Despite Normal Blood Tests,339,4,20,Educational Pages
https://siya.health/blog/focus-fatigue-workforce-issue,Blog Article,Educational SEO; nurture toward clinical services,Request employer information → /employers#employer-inquiry-form,Start Secure Medical Chat → /redirect/chat,Informational,When Focus and Fatigue Show Up as a Workforce Issue,583,3,19,Educational Pages
https://siya.health/blog/food-noise-and-glp-1-what-it-means-and-what-helps,Blog Article,Educational SEO; nurture toward clinical services,Book Free Meet & Greet → /redirect/meet-greet,Explore Care Options → /weight-loss-metabolic-health,Informational,Food Noise and GLP-1: What It Means and What Actually Helps (2026),3370,0,21,Orphan Pages; Educational Pages
https://siya.health/blog/free-testosterone-vs-total-testosterone-what-patients-should-know,Blog Article,Educational SEO; nurture toward clinical services,Book Free Meet & Greet → /redirect/meet-greet,Explore Care Options → /mens-health-longevity,Informational,Free Testosterone vs Total Testosterone: What Patients Should Know,2552,0,16,Orphan Pages; Educational Pages
https://siya.health/blog/glp1-side-effects-and-how-to-manage-them,Blog Article,Educational SEO; nurture toward clinical services,Book Free Meet & Greet → /redirect/meet-greet,Start Secure Medical Chat → /redirect/chat,Informational,GLP-1 Side Effects and How to Manage Them (2026),896,0,17,Orphan Pages; Educational Pages
https://siya.health/blog/how-adhd-medication-is-prescribed-online,Blog Article,Educational SEO; nurture toward clinical services,Take Free ADHD Screening → /adhd-screening,Take Free ADHD Screening → /adhd-screening,Informational,How ADHD Medication Is Prescribed Online (2026),652,8,15,Educational Pages
https://siya.health/blog/how-mental-health-affects-weight-loss-outcomes,Blog Article,Educational SEO; nurture toward clinical services,Book Free Meet & Greet → /redirect/meet-greet,Start Secure Medical Chat → /redirect/chat,Informational,How Mental Health Affects Weight Loss Outcomes (2026),788,9,16,Educational Pages
https://siya.health/blog/how-to-choose-adhd-provider-california,Blog Article,Educational SEO; nurture toward clinical services,Take Free ADHD Screening → /adhd-screening,Take Free ADHD Screening → /adhd-screening,Informational,How to Choose an ADHD Provider in California,628,10,21,Educational Pages; SEO Pages
https://siya.health/blog/how-to-know-if-you-have-adhd-adult,Blog Article,Educational SEO; nurture toward clinical services,Take Free ADHD Screening → /adhd-screening,Take Free ADHD Screening → /adhd-screening,Informational,How to Know If You Have ADHD as an Adult (Real Signs Explained),824,0,15,Orphan Pages; Educational Pages
https://siya.health/blog/how-to-safely-get-prescriptions-online,Blog Article,Educational SEO; nurture toward clinical services,Book Free Meet & Greet → /redirect/meet-greet,Join Our Health Guide → https://link.yourmarketingai.com/widget/form/HmvqrDVq3tq3qv6rkCjl,Informational,How to Safely Get Prescriptions Online (2026),1662,10,19,Educational Pages
https://siya.health/blog/insomnia-treatment-options-beyond-medication,Blog Article,Educational SEO; nurture toward clinical services,Book Free Meet & Greet → /redirect/meet-greet,Start Secure Medical Chat → /redirect/chat,Informational,Insomnia Treatment Beyond Medication (2026),561,2,17,Educational Pages
https://siya.health/blog/insulin-resistance-and-weight-loss-clinician-overview,Blog Article,Educational SEO; nurture toward clinical services,Book Free Meet & Greet → /redirect/meet-greet,Explore Care Options → /weight-loss-metabolic-health,Informational,Insulin Resistance and Weight Loss: A Clinician-Guided Overview,2899,0,23,Orphan Pages; Educational Pages
https://siya.health/blog/iron-deficiency-and-fatigue,Blog Article,Educational SEO; nurture toward clinical services,Book a primary care visit → /book-appointment,Start Secure Medical Chat → /redirect/chat,Informational,Iron Deficiency and Fatigue,322,1,20,Educational Pages
https://siya.health/blog/iron-deficiency-brain-fog-adhd,Blog Article,Educational SEO; nurture toward clinical services,Take Free ADHD Screening → /adhd-screening,Take Free ADHD Screening → /adhd-screening,Informational,"Iron Deficiency, Brain Fog, and ADHD: Could Low Iron Make ADHD Symptoms Worse?",4303,0,19,Orphan Pages; Educational Pages
https://siya.health/blog/is-adhd-medication-safe-long-term,Blog Article,Educational SEO; nurture toward clinical services,Take Free ADHD Screening → /adhd-screening,Take Free ADHD Screening → /adhd-screening,Informational,Is ADHD Medication Safe Long Term? Benefits & Monitoring (2026),745,4,15,Educational Pages
https://siya.health/blog/is-online-adhd-diagnosis-legit,Blog Article,Educational SEO; nurture toward clinical services,Take Free ADHD Screening → /adhd-screening,Take Free ADHD Screening → /adhd-screening,Informational,Is Online ADHD Diagnosis Legit? What Patients Should Know,948,15,18,Educational Pages
https://siya.health/blog/medical-weight-loss-glp1-semaglutide-texas,Blog Article,Educational SEO; nurture toward clinical services,Book Free Meet & Greet → /redirect/meet-greet,Start Secure Medical Chat → /redirect/chat,Informational,"Medical Weight Loss in Texas: GLP-1, Semaglutide, Tirzepatide & What Actually Works",1156,11,16,Educational Pages; SEO Pages
https://siya.health/blog/medical-weight-loss-vs-dieting-what-actually-works,Blog Article,Educational SEO; nurture toward clinical services,Book Free Meet & Greet → /redirect/meet-greet,Start Secure Medical Chat → /redirect/chat,Informational,Medical Weight Loss vs Dieting: What Actually Works (2026),819,8,18,Educational Pages
https://siya.health/blog/minoxidil-for-hair-loss-does-it-work,Blog Article,Educational SEO; nurture toward clinical services,Book Free Meet & Greet → /redirect/meet-greet,Start Secure Medical Chat → /redirect/chat,Informational,Minoxidil for Hair Loss: Does It Work? (2026),732,7,17,Educational Pages
https://siya.health/blog/morning-fatigue,Blog Article,Educational SEO; nurture toward clinical services,Book a primary care visit → /book-appointment,Start Secure Medical Chat → /redirect/chat,Informational,Morning Fatigue,441,1,21,Educational Pages
https://siya.health/blog/non-stimulant-adhd-medications-explained,Blog Article,Educational SEO; nurture toward clinical services,Take Free ADHD Screening → /adhd-screening,Take Free ADHD Screening → /adhd-screening,Informational,When Do Adults Use Non-Stimulant ADHD Medications?,652,3,15,Educational Pages
https://siya.health/blog/online-adhd-diagnosis-california,Blog Article,Educational SEO; nurture toward clinical services,Take Free ADHD Screening → /adhd-screening,Book Free Meet & Greet → /redirect/meet-greet,Informational,"Online ADHD Diagnosis in California: Cost, Process & What to Expect",900,11,24,Educational Pages; SEO Pages
https://siya.health/blog/online-adhd-diagnosis-texas,Blog Article,Educational SEO; nurture toward clinical services,Take Free ADHD Screening → /adhd-screening,Take Free ADHD Screening → /adhd-screening,Informational,"Online ADHD Diagnosis in Texas: Cost, Process & What to Expect",842,7,20,Educational Pages; SEO Pages
https://siya.health/blog/oral-vs-injectable-weight-loss-medications,Blog Article,Educational SEO; nurture toward clinical services,Book Free Meet & Greet → /redirect/meet-greet,Start Secure Medical Chat → /redirect/chat,Informational,Oral vs Injectable Weight Loss Medications: What to Know (2026),964,2,16,Educational Pages
https://siya.health/blog/oral-vs-topical-minoxidil-which-is-right,Blog Article,Educational SEO; nurture toward clinical services,Book Free Meet & Greet → /redirect/meet-greet,Start Secure Medical Chat → /redirect/chat,Informational,Oral vs Topical Minoxidil: Which Is Right? (2026),615,6,17,Educational Pages
https://siya.health/blog/perimenopause-brain-fog,Blog Article,Educational SEO; nurture toward clinical services,Book Free Meet & Greet → /redirect/meet-greet,Take Free ADHD Screening → /adhd-screening,Informational,Perimenopause Brain Fog: Why Focus and Memory Feel Different in Your 40s,1979,8,16,Educational Pages
https://siya.health/blog/phentermine-for-weight-loss-safety-and-effectiveness,Blog Article,Educational SEO; nurture toward clinical services,Book Free Meet & Greet → /redirect/meet-greet,Start Secure Medical Chat → /redirect/chat,Informational,Phentermine for Weight Loss: Safety and Effectiveness (2026),960,1,17,Educational Pages
https://siya.health/blog/pots-and-adhd,Blog Article,Educational SEO; nurture toward clinical services,Take Free ADHD Screening → /adhd-screening,Take Free ADHD Screening → /adhd-screening,Informational,POTS and ADHD: Why Researchers Are Exploring the Connection,3808,1,16,Educational Pages
https://siya.health/blog/semaglutide-for-weight-loss-how-it-works,Blog Article,Educational SEO; nurture toward clinical services,Book Free Meet & Greet → /redirect/meet-greet,Start Secure Medical Chat → /redirect/chat,Informational,Semaglutide for Weight Loss: How It Works (2026 Clinical Overview),2280,8,17,Educational Pages
https://siya.health/blog/sildenafil-for-erectile-dysfunction-what-to-expect,Blog Article,Educational SEO; nurture toward clinical services,Book Free Meet & Greet → /redirect/meet-greet,Start Secure Medical Chat → /redirect/chat,Informational,Sildenafil for Erectile Dysfunction: What to Expect (2026),617,4,12,Educational Pages
https://siya.health/blog/sleep-and-focus-at-work,Blog Article,Educational SEO; nurture toward clinical services,Book a primary care visit → /book-appointment,Start Secure Medical Chat → /redirect/chat,Informational,"Sleep, Focus, and Cognitive Load at Work",522,4,20,Educational Pages
https://siya.health/blog/sleep-apnea-fatigue-metabolic-risk-when-snoring-is-not-benign,Blog Article,Educational SEO; nurture toward clinical services,Book Free Meet & Greet → /redirect/meet-greet,Explore metabolic health → /weight-loss-metabolic-health,Informational,"Sleep Apnea, Fatigue, and Metabolic Risk: When Snoring Is Not Benign",2357,0,20,Orphan Pages; Educational Pages
https://siya.health/blog/telehealth,Blog Hub,Content discovery; distribute authority to articles,—,—,Informational / Navigational,Telehealth articles,216,53,22,Educational Pages
https://siya.health/blog/telehealth-prescriptions-how-online-treatment-works,Blog Article,Educational SEO; nurture toward clinical services,Book Free Meet & Greet → /redirect/meet-greet,Explore Care Options → /telehealth,Informational,Telehealth Prescriptions: How Online Treatment Works (2026),556,4,15,Educational Pages
https://siya.health/blog/thyroid-and-fatigue,Blog Article,Educational SEO; nurture toward clinical services,Book a primary care visit → /book-appointment,Start Secure Medical Chat → /redirect/chat,Informational,Thyroid Problems and Fatigue,307,0,20,Orphan Pages; Educational Pages
https://siya.health/blog/tirzepatide-vs-semaglutide-which-is-better,Blog Article,Educational SEO; nurture toward clinical services,Book Free Meet & Greet → /redirect/meet-greet,Start Secure Medical Chat → /redirect/chat,Informational,Tirzepatide vs Semaglutide: Which Is Better for Weight Loss? (2026),1325,4,18,Educational Pages
https://siya.health/blog/vyvanse-vs-adderall-differences,Blog Article,Educational SEO; nurture toward clinical services,Take Free ADHD Screening → /adhd-screening,Take Free ADHD Screening → /adhd-screening,Informational,Vyvanse vs Adderall: Which Lasts Longer for Adults?,804,5,16,Educational Pages
https://siya.health/blog/weight-loss,Blog Hub,Content discovery; distribute authority to articles,—,—,Informational / Navigational,Weight loss articles,289,62,24,Educational Pages
https://siya.health/blog/when-is-testosterone-therapy-appropriate,Blog Article,Educational SEO; nurture toward clinical services,Book Free Meet & Greet → /redirect/meet-greet,Start Secure Medical Chat → /redirect/chat,Informational,When Is Testosterone Therapy Appropriate? (2026),617,0,17,Orphan Pages; Educational Pages
https://siya.health/blog/youre-not-lazy-signs-undiagnosed-adult-adhd,Blog Article,Educational SEO; nurture toward clinical services,Take Free ADHD Screening → /adhd-screening,Take Free ADHD Screening → /adhd-screening,Informational,You’re Not Lazy: Signs You May Have Undiagnosed Adult ADHD,1198,0,18,Orphan Pages; Educational Pages
https://siya.health/book-appointment,Service Page,Direct appointment scheduling entry,Book Free Meet & Greet → /redirect/meet-greet,Book Free Meet & Greet → /redirect/meet-greet,Commercial / Transactional,Choose How You Want to Get Started,203,42,8,Core Revenue Pages; Utility Pages
https://siya.health/brain-fog,Page,"Brain fog is a symptom with many possible contributors — fatigue, sleep, thyroid, B12, iron, mood, ADHD. Learn what people mean by brain fog, when evaluation helps, which labs clinicians may consider, and how primary care sorts it out.",Book Free Meet & Greet → /redirect/meet-greet,See what it could be → #what-it-could-be,Mixed,Brain fog: when thinking feels slower than usual,1485,21,44,Utility Pages
https://siya.health/creyos-adhd-testing,Service Page,"Creyos cognitive testing for ADHD as part of your $149 online evaluation. clinical interview plus validated tools as clinically appropriate. Licensed providers in TX, PA, FL.",Take Free ADHD Screening → /adhd-screening,Book Free Meet & Greet → /redirect/meet-greet,Commercial / Transactional,Creyos ADHD Testing (Included in Your Evaluation),393,4,15,Core Revenue Pages; SEO Pages
https://siya.health/employers,Page,"Structured screening and physician-led telehealth for working professionals—ADHD, sleep, stress, and attention markers—with concierge-team-supported care and proactive monitoring. Partnership inquiries welcome; pricing finalized separately.",Request employer information → #employer-inquiry-form,See how it works → #how-it-works,Mixed,Cognitive health support for working professionals,809,81,10,Utility Pages
https://siya.health/fatigue,Page,"Persistent fatigue is a symptom with many possible causes — iron, thyroid, B12, sleep apnea, mood, hormones. Learn what fatigue actually means, when medical evaluation helps, which labs clinicians consider, and how physician-led primary care sorts it out.",Book Free Meet & Greet → /redirect/meet-greet,See what it could be → #what-it-could-be,Mixed,Fatigue: when tired stops being normal,1564,49,46,Utility Pages
https://siya.health/guides/exhausted,Page,"Tiredness by itself does not name a cause. General education on iron, thyroid, and when to look at sleep or hormones.",—,—,Mixed,"Exhausted, with no explanation",662,9,13,Utility Pages
https://siya.health/guides/hormonal-health,Page,"General education on testosterone, cycle and menopause changes in mood and focus, and what an erectile-dysfunction visit includes.",—,—,Mixed,Hormonal health,1149,48,13,Utility Pages
https://siya.health/guides/mental-health-and-adhd,Page,"General education on adult attention problems, screening versus evaluation, work follow-through, and other explanations.",—,—,Mixed,Mental health and ADHD,1003,100,13,Utility Pages
https://siya.health/guides/sleep,Page,"General education on shift work, obstructive sleep apnea, and when poor sleep looks like a focus problem.",—,—,Mixed,"Sleep, including shift work",682,19,13,Utility Pages
https://siya.health/guides/weight,Page,"General education on weight that stays stuck, food noise, insulin resistance, and what a GLP-1 conversation covers.",—,—,Mixed,Weight that will not move,695,63,10,Utility Pages
https://siya.health/labs,Service Page,"Explore transparent direct-pay laboratory testing for thyroid, blood sugar, vitamins, iron, metabolic health and preventive care. Physician guidance available through Siya Health.",Browse Lab Tests → https://us.fullscript.com/s/siyahealth/shop,Book Free Meet & Greet → /redirect/meet-greet,Commercial / Transactional,Labs & Blood Tests with Transparent Direct-Pay Options,1806,206,27,Core Revenue Pages; Utility Pages
https://siya.health/labs/a1c-blood-sugar,Page,"What HbA1c broadly measures about average blood sugar, why clinicians may order it, and what it cannot diagnose alone. Preventive and metabolic education.",Book Free Meet & Greet → /redirect/meet-greet,Preventive labs overview → /labs/preventive,Mixed,Hemoglobin A1c (HbA1c),479,29,38,Utility Pages
https://siya.health/labs/adhd-support,Page,"Blood tests do not diagnose ADHD. Learn when selected labs may help evaluate other contributors to fatigue, concentration problems, or brain fog—and how Siya Health approaches testing.",Browse Lab Tests → https://us.fullscript.com/s/siyahealth/shop,Browse Lab Tests → https://us.fullscript.com/s/siyahealth/shop,Mixed,"Labs When Focus, Fatigue & Brain Fog Overlap",406,8,35,Utility Pages
https://siya.health/labs/cbc,Page,"What a CBC broadly measures, why clinicians may order it, and what it cannot diagnose alone. Educational lab guidance under preventive primary care.",Book Free Meet & Greet → /redirect/meet-greet,Preventive labs overview → /labs/preventive,Mixed,Complete Blood Count (CBC),506,12,37,Utility Pages
https://siya.health/labs/cmp,Page,"What a CMP broadly measures—kidney, liver, electrolytes, and glucose context—and why clinicians use it in preventive care. Not a standalone diagnosis.",Book Free Meet & Greet → /redirect/meet-greet,Preventive labs overview → /labs/preventive,Mixed,Comprehensive Metabolic Panel (CMP),495,9,37,Utility Pages
https://siya.health/labs/fatigue-brain-fog,Page,Learn which laboratory tests clinicians may consider for fatigue and brain fog—and why results need clinical context. Transparent direct-pay options available.,Browse Lab Tests → https://us.fullscript.com/s/siyahealth/shop,Browse Lab Tests → https://us.fullscript.com/s/siyahealth/shop,Mixed,Fatigue & Brain Fog Labs,586,14,34,Utility Pages
https://siya.health/labs/how-to-read-results,Page,Got your results? Reference ranges don’t diagnose disease. Learn how to read labs calmly—and when to book interpretation with a Siya Health clinician.,Book Free Meet & Greet → /redirect/meet-greet,Book Free Meet & Greet → /redirect/meet-greet,Mixed,How to Read Your Lab Results,425,27,36,Utility Pages
https://siya.health/labs/iron-ferritin,Page,"What ferritin and iron studies broadly measure, why clinicians consider them for fatigue, and what they cannot diagnose alone.",Book Free Meet & Greet → /redirect/meet-greet,Preventive labs overview → /labs/preventive,Mixed,Ferritin & Iron Studies,469,18,38,Utility Pages
https://siya.health/labs/lipid-panel,Page,"What a lipid panel broadly measures for cardiometabolic risk, why clinicians order it, and what it cannot decide alone. Preventive care education—not result interpretation.",Book Free Meet & Greet → /redirect/meet-greet,Preventive labs overview → /labs/preventive,Mixed,Lipid Panel,516,8,36,Utility Pages
https://siya.health/labs/mens-health,Page,"Learn when testosterone and related laboratory testing may be appropriate for energy, drive, or metabolic concerns—and why results need clinical context. Direct-pay options available.",Browse Lab Tests → https://us.fullscript.com/s/siyahealth/shop,Browse Lab Tests → https://us.fullscript.com/s/siyahealth/shop,Mixed,Men's Health Lab Evaluation,506,14,33,Utility Pages
https://siya.health/labs/preventive,Page,"Explore commonly ordered preventive laboratory tests—CBC, metabolic panel, lipids, A1c—and how physician-guided testing supports primary care. Transparent direct-pay options available.",Browse Lab Tests → https://us.fullscript.com/s/siyahealth/shop,Browse Lab Tests → https://us.fullscript.com/s/siyahealth/shop,Mixed,Preventive Primary Care Labs,616,18,40,Utility Pages
https://siya.health/labs/thyroid,Page,"What TSH broadly measures, why clinicians may check thyroid function, and what TSH cannot diagnose alone. Educational guidance—not result interpretation.",Book Free Meet & Greet → /redirect/meet-greet,Preventive labs overview → /labs/preventive,Mixed,TSH (Thyroid Stimulating Hormone),469,14,38,Utility Pages
https://siya.health/labs/vitamin-b12,Page,"What vitamin B12 testing broadly measures, why clinicians may order it, and what it cannot diagnose alone. Preventive and fatigue-related education.",Book Free Meet & Greet → /redirect/meet-greet,Preventive labs overview → /labs/preventive,Mixed,Vitamin B12,468,13,38,Utility Pages
https://siya.health/labs/vitamin-d,Page,"What 25-OH vitamin D testing broadly measures, why clinicians may consider it, and what it cannot diagnose alone. Education under preventive care.",Book Free Meet & Greet → /redirect/meet-greet,Preventive labs overview → /labs/preventive,Mixed,Vitamin D (25-OH),487,5,38,Utility Pages
https://siya.health/labs/womens-midlife,Page,"Learn how laboratory testing may support women’s midlife concerns—fatigue, brain fog, iron, thyroid, and metabolic markers—without claiming a hormone panel diagnoses perimenopause.",Browse Lab Tests → https://us.fullscript.com/s/siyahealth/shop,Browse Lab Tests → https://us.fullscript.com/s/siyahealth/shop,Mixed,Women's Midlife Lab Evaluation,486,9,36,Utility Pages
https://siya.health/legal,Legal,Legal compliance and policy disclosure,—,—,Compliance / Navigational,Legal & Compliance,10158,36,7,Utility Pages; Trust Pages
https://siya.health/legal/controlled-substance-treatment-agreement,Legal,Legal compliance and policy disclosure,—,—,Compliance / Navigational,Controlled Substance Treatment Agreement,829,9,10,Utility Pages; Trust Pages
https://siya.health/legal/cookie-policy,Legal,Legal compliance and policy disclosure,—,—,Compliance / Navigational,Cookie Policy,475,2,8,Utility Pages; Trust Pages
https://siya.health/legal/notice-of-privacy-practices,Legal,Legal compliance and policy disclosure,—,—,Compliance / Navigational,Notice of Privacy Practices,1547,7,9,Utility Pages; Trust Pages
https://siya.health/legal/privacy-policy,Legal,Legal compliance and policy disclosure,—,—,Compliance / Navigational,Privacy Policy,2874,6,9,Utility Pages; Trust Pages
https://siya.health/legal/terms-of-use,Legal,Legal compliance and policy disclosure,—,—,Compliance / Navigational,Terms of Use,4585,12,9,Utility Pages; Trust Pages
https://siya.health/mens-health-longevity,Service Page,Men's health / TRT / longevity service conversion,Book Free Meet & Greet → /redirect/meet-greet,Start Secure Medical Chat → /redirect/chat,Commercial / Transactional,"When energy, drive, and focus don't feel like they used to",648,43,18,Core Revenue Pages
https://siya.health/prescriptions,Service Page,Provider-reviewed prescriptions through Siya Health telehealth when clinically appropriate. Availability varies by state—contact us to learn more.,Book Free Meet & Greet → /redirect/meet-greet,Book Free Meet & Greet → /redirect/meet-greet,Commercial / Transactional,Online Prescription Services,137,29,6,Core Revenue Pages; Utility Pages
https://siya.health/preventive-care,Page,"Preventive care is how adults stay ahead of problems: annual wellness visits, health screenings, vaccinations, cardiometabolic risk, lifestyle, and labs in context — with a physician-led primary care relationship, not a one-off checklist.",Book Free Meet & Greet → /redirect/meet-greet,See what it covers → #what-it-covers,Mixed,Preventive care: stay healthy before something goes wrong,1162,32,43,Utility Pages
https://siya.health/pricing,Page,"Transparent physician-led telehealth pricing: $149 one-time evaluation, then $149/month for ongoing care. ADHD, weight loss, primary care, and telehealth in California, Texas, Pennsylvania, and Florida.",Book Free Meet & Greet → /redirect/meet-greet,Start Secure Medical Chat → /redirect/chat,Mixed,Transparent pricing for physician-led care,660,192,14,Utility Pages
https://siya.health/primary-care,Page,"Primary care is the root of ongoing health at Siya: symptoms, preventive care, labs in context, and specialty lanes under one physician-led telehealth relationship — not a funnel to a single condition.",Book Free Meet & Greet → /redirect/meet-greet,See how care fits together → #how-it-fits,Mixed,Primary care: where ongoing health starts,874,25,40,Utility Pages
https://siya.health/primary-urgent-care,Service Page,"Virtual primary and urgent care across California, Texas, Pennsylvania, and Florida. Annual wellness, chronic care, preventive labs review, and clear follow-up plans.",Book Free Meet & Greet → /redirect/meet-greet,Book Free Meet & Greet → /redirect/meet-greet,Commercial / Transactional,"Primary & Urgent Care — Virtual, Same-Week",456,31,16,Core Revenue Pages; Utility Pages
https://siya.health/providers,Provider Hub,Show clinician roster; drive profile views and booking,Book Free Meet & Greet → /redirect/meet-greet,Book Online via Zocdoc → https://www.zocdoc.com/booking-link/practice/siya-healthcare-182234,Trust / Navigational,Our Care Team,507,207,35,Trust Pages
https://siya.health/providers/dr-natasha-desai,Provider Profile,Clinician credibility; convert to booking with this provider,Start Secure Medical Chat → /redirect/chat,Book Online via Zocdoc → https://www.zocdoc.com/booking-link/practice/siya-healthcare-182234,Trust / Navigational,"Dr. Natasha Desai, MD",720,16,34,Trust Pages
https://siya.health/providers/dr-sneh-pandey,Provider Profile,Clinician credibility; convert to booking with this provider,Book Free Meet & Greet → /redirect/meet-greet,Book Online via Zocdoc → https://www.zocdoc.com/booking-link/practice/siya-healthcare-182234,Trust / Navigational,"Dr. Sneh Pandey, MD",865,24,33,Trust Pages
https://siya.health/providers/dr-swati-pandey,Provider Profile,Clinician credibility; convert to booking with this provider,Start Secure Medical Chat → /redirect/chat,Book Online via Zocdoc → https://www.zocdoc.com/booking-link/practice/siya-healthcare-182234,Trust / Navigational,"Dr. Swati Pandey, MD",801,15,36,Trust Pages
https://siya.health/providers/dr-vanessa-urbina,Provider Profile,Clinician credibility; convert to booking with this provider,Start Secure Medical Chat → /redirect/chat,Book Online via Zocdoc → https://www.zocdoc.com/booking-link/practice/siya-healthcare-182234,Trust / Navigational,"Dr. Vanessa Urbina, MD",660,10,33,Trust Pages
https://siya.health/providers/megan-wunderlich,Provider Profile,Clinician credibility; convert to booking with this provider,Start Secure Medical Chat → /redirect/chat,Book Online via Zocdoc → https://www.zocdoc.com/booking-link/practice/siya-healthcare-182234,Trust / Navigational,"Megan Wunderlich, FNP-C",609,5,34,Trust Pages
https://siya.health/providers/wendy-delgado,Provider Profile,Clinician credibility; convert to booking with this provider,Start Secure Medical Chat → /redirect/chat,Book Online via Zocdoc → https://www.zocdoc.com/booking-link/practice/siya-healthcare-182234,Trust / Navigational,"Wendy Delgado, PA-C",599,14,33,Trust Pages
https://siya.health/siya-circle,Utility,Community membership signup,Join Our Health Guide → /siya-circle#siya-circle-signup,—,Transactional / Utility,Join Siya Circle,196,31,29,Utility Pages
https://siya.health/social,Page,Siya Health social channels. Educational only.,Join Our Health Guide → /siya-circle#siya-circle-signup,Read → /blog/brain-fog-at-work,Mixed,Follow Siya Health,315,29,11,Utility Pages
https://siya.health/telehealth,Service Page,Explain virtual care model; route to services,Book Free Meet & Greet → /redirect/meet-greet,View Pricing → /pricing,Commercial / Transactional,A doctor visit that fits a workday,119,99,6,Core Revenue Pages
https://siya.health/weight-loss-metabolic-health,Service Page,Convert GLP-1 / medical weight loss interest to consult,Book Free Meet & Greet → /redirect/meet-greet,Start Secure Medical Chat → /redirect/chat,Commercial / Transactional,"When your appetite, energy, and weight stop making sense",1142,106,23,Core Revenue Pages
https://siya.health/womens-health,Page,Women,Book Free Meet & Greet → /redirect/meet-greet,Start Secure Medical Chat → /redirect/chat,Mixed,"When energy, cycles, and mood stop making sense together",763,31,23,Utility Pages
https://siya.health/womens-midlife-health,Page,"Women's midlife health is not one disease—it is brain, hormones, sleep, iron, weight, mood, and ADHD interacting. Explore Siya Health's knowledge hub and guides.",Book Free Meet & Greet → /redirect/meet-greet,Women's health services → /womens-health,Mixed,"Women's Midlife Health: Brain, Hormones & Metabolism",1803,8,15,Utility Pages
