Insight ID,Title / Hook,Format,Channel,Status,Practical change (required),Knowledge Product,Spoke URL,Folder path,Created,Ready date,Published date,Owner,Approver,Link / URL live,Notes
WH-R-02,Coping strategies that worked for 20 years… suddenly don’t,Carousel,Instagram,Ready,"14-day log (sleep / bleeding / fog) → ask clinician: iron/ferritin, thyroid, sleep, mood",Women's Midlife Health,https://siya.health/blog/perimenopause-brain-fog,05-Carousels/WH-R-02/ready-to-post,2026-07-20,2026-07-21,,Dr. Sneh / Editorial,Pending clinical stamp (organic OK),,v4 A-03 lean lifestyle 2026-08-07
WH-R-02,WH-R-02 Reel (Ken Burns from carousel),Reel / Video,Instagram,Ready,Same as carousel — caption restates 14-day log + clinician ask,Women's Midlife Health,https://siya.health/womens-midlife-health,05-Carousels/WH-R-02/video,2026-07-20,2026-07-20,,Editorial,,,v4 lean A-03 frames 9:16; No audio — add music in IG
WH-R-02,Founder LinkedIn Draft A (no CTA),Text post,LinkedIn Founder,Ready,N/A — founder channel may stop at open question (no CTA),Women's Midlife Health,,05-Carousels/WH-R-02/copy/linkedin-founder.md,2026-07-20,2026-07-20,,Dr. Sneh,,,Protected channel — never sells
WH-R-02,Company LinkedIn / social adaptations,Text post,LinkedIn Company,Ready,14-day log → clinician ask (iron/thyroid/sleep/mood),Women's Midlife Health,https://siya.health/womens-midlife-health,05-Carousels/WH-R-02/copy,2026-07-20,2026-07-20,,Editorial,,,
BRAND,Dr. Sneh LinkedIn banner — Recognition before expertise,Static,LinkedIn Founder,Ready,N/A — profile backdrop,Brand,,06-Statics/LinkedIn-Dr-Sneh,2026-07-21,2026-07-21,,Dr. Sneh,,,Use @2x upload
BRAND,Dr. Sneh LinkedIn banner — Systems medicine explained simply,Static,LinkedIn Founder,Ready,N/A — profile backdrop (alternate),Brand,,06-Statics/LinkedIn-Dr-Sneh,2026-07-21,2026-07-21,,Dr. Sneh,,,Alternate to Recognition version
MH-L-01,On TRT? These 5 habits decide how much you get out of it,Carousel,Instagram,Ready,Lift 2–4×/wk · protein each meal · 7+ hrs sleep · check vitamin D · keep follow-up labs,Men's Performance & Hormonal Health,https://siya.health/blog/when-is-testosterone-therapy-appropriate,05-Carousels/MH-L-01/ready-to-post,2026-07-21,2026-07-21,,Editorial,Pending clinical stamp (organic OK),,v2 A-03 type 2026-08-07; Lifestyle foundations alongside medical TRT
AD-I-01,ADHD fog… or low iron? They can look alike — and stack,Carousel,Instagram,Ready,Ask clinician for ferritin/iron studies before DIY iron or “just ADHD”,Brain Health & ADHD,https://siya.health/blog/perimenopause-brain-fog,05-Carousels/AD-I-01/ready-to-post,2026-07-21,2026-08-07,,Editorial,Organic OK · clinical stamp preferred for paid,,A-03 lean regen 2026-08-07 from feedback; 5 slides; ferritin ask; no guidebook
AD-S-01,You’re not lazy — overlooked adult ADHD signs,Carousel,Instagram,Ready,Take validated ADHD screener; book evaluation if lifelong pattern,Brain Health & ADHD,https://siya.health/blog/youre-not-lazy-signs-undiagnosed-adult-adhd,05-Carousels/AD-S-01/ready-to-post,2026-07-21,2026-08-07,,Editorial,Organic OK · clinical stamp preferred for paid,,A-03 lean regen 2026-08-07 from feedback; 5 slides; Talk to a Clinician close; S6 removed
AD-W-01,Anxiety… BPD… or ADHD? Women’s ADHD often missed,Carousel,Instagram,Copy ready,Ask about ADHD history when mood labels don’t fit; don’t self-diagnose BPD vs ADHD,Brain Health & ADHD,https://siya.health/blog/adhd-hormones-women,05-Carousels/AD-W-01,2026-07-21,,,Editorial,Pending clinical stamp (organic OK),,Batch 20; also siya.health/adhd-care
AD-M-01,Non-stimulant ADHD meds — when they make sense,Carousel,Instagram,Copy ready,Bring side-effect/substance/anxiety history to discuss non-stimulant options,Brain Health & ADHD,https://siya.health/blog/non-stimulant-adhd-medications-explained,05-Carousels/AD-M-01,2026-07-21,,,Editorial,Prefer clinical stamp,,Batch 20; no DIY dosing
AD-L-01,Is ADHD medication safe long-term?,Carousel,Instagram,Copy ready,"Schedule monitoring (BP, weight, sleep, mood); don’t stop abruptly without plan",Brain Health & ADHD,https://siya.health/blog/is-adhd-medication-safe-long-term,05-Carousels/AD-L-01,2026-07-21,,,Editorial,Prefer clinical stamp,,Batch 20
AD-O-01,Is online ADHD diagnosis legit?,Carousel,Instagram,Copy ready,"Checklist: licensed clinician, history, validated tools, follow-up — not quiz-only",Brain Health & ADHD,https://siya.health/blog/is-online-adhd-diagnosis-legit,05-Carousels/AD-O-01,2026-07-21,,,Editorial,Organic OK,,Batch 20
WL-G-01,Semaglutide isn't a willpower hack.,Carousel,Instagram,Ready,"Talk with clinician about personal risk; if starting, protect protein + strength training",Metabolic Health & Weight Loss,https://siya.health/blog/semaglutide-for-weight-loss-how-it-works,05-Carousels/WL-G-01/ready-to-post,2026-07-21,2026-08-07,,Editorial,Organic OK · clinical stamp preferred for paid,,A-03 lean regen 2026-08-07 from feedback; 5 slides; S6 removed; clinician CTA + blog
WL-T-01,Tirzepatide vs semaglutide — compare fit not TikTok rank,Carousel,Instagram,Copy ready,"Compare goals/tolerability with clinician, not viral winner",Metabolic Health & Weight Loss,https://siya.health/blog/tirzepatide-vs-semaglutide-which-is-better,05-Carousels/WL-T-01,2026-07-21,,,Editorial,Prefer clinical stamp,,Batch 20
WL-S-01,GLP-1 side effects — what helps,Carousel,Instagram,Copy ready,Smaller meals; slower titration talk; call for severe symptoms,Metabolic Health & Weight Loss,https://siya.health/blog/glp1-side-effects-and-how-to-manage-them,05-Carousels/WL-S-01,2026-07-21,,,Editorial,Prefer clinical stamp,,Batch 20; no DIY dosing
WL-C-01,Compounded vs branded GLP-1,Carousel,Instagram,Copy ready,"Ask pharmacy/source, FDA status, what you’re actually receiving",Metabolic Health & Weight Loss,https://siya.health/blog/compounded-vs-branded-glp1-medications,05-Carousels/WL-C-01,2026-07-21,,,Editorial,Prefer clinical stamp,,Batch 20
WL-F-01,"Food noise, mental health & weight loss",Carousel,Instagram,Copy ready,Name food noise; ask if ADHD/mood need concurrent care,Metabolic Health · Brain Health,https://siya.health/blog/how-mental-health-affects-weight-loss-outcomes,05-Carousels/WL-F-01,2026-07-21,,,Editorial,Organic OK,,Batch 20
WL-D-01,Medical weight loss vs dieting,Carousel,Instagram,Copy ready,"If yo-yo cycles, ask medical evaluation — not another crash diet",Metabolic Health & Weight Loss,https://siya.health/blog/medical-weight-loss-vs-dieting-what-actually-works,05-Carousels/WL-D-01,2026-07-21,,,Editorial,Organic OK,,Batch 20
WL-P-01,Phentermine — safety basics,Carousel,Instagram,Copy ready,Ask cardiac/BP screening questions before stimulant-like WL meds,Metabolic Health & Weight Loss,https://siya.health/blog/phentermine-for-weight-loss-safety-and-effectiveness,05-Carousels/WL-P-01,2026-07-21,,,Editorial,Prefer clinical stamp,,Batch 20
MH-T-01,When is TRT appropriate?,Carousel,Instagram,Copy ready,Morning labs + symptoms; don’t start TRT for optimization alone,Men's Health & Longevity,https://siya.health/blog/when-is-testosterone-therapy-appropriate,05-Carousels/MH-T-01,2026-07-21,,,Editorial,Prefer clinical stamp,,Batch 20
ED-S-01,Sildenafil — what to expect,Carousel,Instagram,Copy ready,Nitrate interaction check; timing expectations with clinician,Men's Health,https://siya.health/blog/sildenafil-for-erectile-dysfunction-what-to-expect,05-Carousels/ED-S-01,2026-07-21,,,Editorial,Prefer clinical stamp,,Batch 20
HL-M-01,Minoxidil — does it work?,Carousel,Instagram,Copy ready,Consistent use 3–6 months before judging; shed-phase education,Hair Health,https://siya.health/blog/minoxidil-for-hair-loss-does-it-work,05-Carousels/HL-M-01,2026-07-21,,,Editorial,Organic OK,,Batch 20
SL-I-01,Insomnia beyond medication,Carousel,Instagram,Copy ready,CBT-I / sleep-window experiment 7 days; know when to seek care,Sleep & Brain Health,https://siya.health/blog/insomnia-treatment-options-beyond-medication,05-Carousels/SL-I-01,2026-07-21,,,Editorial,Organic OK,,Batch 20
SL-A-01,Ambien risks — know before you take,Carousel,Instagram,Copy ready,Never mix with alcohol; discuss next-day impairment,Sleep & Brain Health,https://siya.health/blog/ambien-and-sleep-medications-risks-and-benefits,05-Carousels/SL-A-01,2026-07-21,,,Editorial,Prefer clinical stamp,,Batch 20
PC-T-01,How telehealth prescriptions work,Carousel,Instagram,Copy ready,Verify clinician license + visit type before paying,Primary Care & Access,https://siya.health/blog/telehealth-prescriptions-how-online-treatment-works,05-Carousels/PC-T-01,2026-07-21,,,Editorial,Organic OK,,Batch 20
PC-S-01,How to safely get prescriptions online,Carousel,Instagram,Copy ready,"Red-flag checklist: no exam, guaranteed controlled substances",Primary Care & Access,https://siya.health/blog/how-to-safely-get-prescriptions-online,05-Carousels/PC-S-01,2026-07-21,,,Editorial,Organic OK,,Batch 20
PE-G-01,Glutathione & peptides — what’s real,Carousel,Instagram,Copy ready,Ask evidence grade; avoid unverified peptide vendors; FDA curiosity without hype,Longevity · Evidence Literacy,https://siya.health/blog/glutathione-and-peptides-what-do-they-actually-do,05-Carousels/PE-G-01,2026-07-21,,,Editorial,Prefer clinical stamp,,Batch 20; no miracle claims
AD-S-01,You're not lazy.,Carousel,Instagram,Ready,Take a validated ADHD screener — then talk to a clinician if the pattern is lifelong.,Batch pause-10,,05-Carousels/AD-S-01/ready-to-post,2026-07-21,2026-08-07,,Editorial,Organic OK · clinical stamp preferred for paid,,A-03 lean regen 2026-08-07 from feedback; 5 slides; Talk to a Clinician close; S6 removed
AD-W-01,ADHD in women gets missed.,Carousel,Instagram,Ready,"If mood labels never quite fit, ask your clinician about lifelong ADHD history — don't self-diagnose BPD vs ADHD from social media.",Batch pause-10,,05-Carousels/AD-W-01/ready-to-post,2026-07-21,2026-08-07,,Editorial,Human feedback applied — v2 stacked A-03 (5 slides),,Pause-at-10 bank; feedback recreate 2026-08-07; Caption matrix pilot 2026-08-10 (meta/linkedin × public/professionals)
WL-G-01,Semaglutide isn't a willpower hack.,Carousel,Instagram,Ready,"Talk with clinician about personal risk; if starting, protect protein + strength training",Batch pause-10,,05-Carousels/WL-G-01/ready-to-post,2026-07-21,2026-08-07,,Editorial,Organic OK · clinical stamp preferred for paid,,A-03 lean regen 2026-08-07 from feedback; 5 slides; S6 removed; clinician CTA + blog
WL-S-01,GLP-1 side effects are common.,Carousel,Instagram,Ready,"Start with smaller meals and slower eating; call your clinician for severe vomiting, dehydration, or pain that worries you.",Batch pause-10,,05-Carousels/WL-S-01/ready-to-post,2026-07-21,2026-07-21,,Editorial,Awaiting human+performance feedback,,Pause-at-10 bank
PC-T-01,Online Rx isn't a vending machine.,Carousel,Instagram,Ready,"Before you pay: verify a licensed clinician, a real visit, and follow-up — not a quiz that guarantees a controlled substance.",Batch pause-10,,05-Carousels/PC-T-01/ready-to-post,2026-07-21,2026-07-21,,Editorial,Awaiting human+performance feedback,,Pause-at-10 bank
MH-T-01,TRT is medical care — not a lifestyle brand.,Carousel,Instagram,Ready,Ask for morning testosterone labs plus symptom review — don't start TRT for “optimization” alone.,Batch pause-10,,05-Carousels/MH-T-01/ready-to-post,2026-07-21,2026-07-21,,Editorial,Awaiting human+performance feedback,,Pause-at-10 bank
SL-I-01,Pills can help. They aren't the only tool.,Carousel,Instagram,Ready,"Try a 7-day sleep window: same wake time daily, no clock-watching — then ask about CBT-I if nights stay stuck.",Batch pause-10,,05-Carousels/SL-I-01/ready-to-post,2026-07-21,2026-07-21,,Editorial,Awaiting human+performance feedback,,Pause-at-10 bank
WELL-2026-07-26-oxytocin-boost,Full calendar. Still lonely. (companion static),Static,Instagram,Ready,Pick one connection habit 7 days; track 1–5; clinician if persists,Wellness / Connection,https://siya.health,06-Statics/WELL-2026-07-26-oxytocin-boost-static/ready-to-post,2026-07-28,2026-07-28,,Editorial,,,From carousel slide 1
ADHD-2026-07-25-covid-scaffolding,COVID didn't give you ADHD. (companion static),Static,Instagram,Ready,Lifelong+impairing → Book ADHD Evaluation,Brain Health & ADHD,https://siya.health/adhd-care,06-Statics/ADHD-2026-07-25-covid-scaffolding-static/ready-to-post,2026-07-28,2026-07-28,,Editorial,,,From carousel slide 1
ADHD-2026-07-25-covid-rebuild,Rebuild 3 scaffolds. (companion static),Static,Instagram,Ready,14 days: wake · protected block · accountability check-in,Brain Health & ADHD,https://siya.health/adhd-care,06-Statics/ADHD-2026-07-25-covid-rebuild-static/ready-to-post,2026-07-28,2026-07-28,,Editorial,,,From carousel slide 5
LONGEVITY-2026-07-24-bpc157-hope-vs-proof,You don't want a peptide. (companion static),Static,Instagram,Ready,Ask human evidence for your problem; Talk to a Clinician before buying,Longevity / Evidence Literacy,https://siya.health/blog/glutathione-and-peptides-what-do-they-actually-do,06-Statics/LONGEVITY-2026-07-24-bpc157-hope-vs-proof-static/ready-to-post,2026-07-28,2026-07-28,,Editorial,,,From carousel slide 1 · Evidence Ladder
LONGEVITY-2026-07-24-bpc157-before-you-buy,Not an FDA-approved drug. (companion static),Static,Instagram,Ready,Three questions before buy; Talk to a Clinician,Longevity / Evidence Literacy,https://siya.health/blog/glutathione-and-peptides-what-do-they-actually-do,06-Statics/LONGEVITY-2026-07-24-bpc157-before-you-buy-static/ready-to-post,2026-07-28,2026-07-28,,Editorial,,,From carousel slide 2 · Evidence Ladder
SLEEP-2026-07-29-ambien-careless,Ambien isn't the dangerous part. Using it carelessly is.,Static,Instagram,Ready,Never mix with alcohol; discuss next-day impairment with clinician,Sleep & Brain Health,https://siya.health/blog/ambien-and-sleep-medications-risks-and-benefits,06-Statics/SLEEP-2026-07-29-ambien-careless/ready-to-post,2026-07-29,2026-07-29,,Editorial,,,Companion to SLEEP-2026-07-21-ambien · Format B · 4:5+1:1
MEETING-BACKDROP-2026-07-29,Siya meeting backdrop (lobby + logo) — Mirror OFF + Mirror ON,Static / Virtual BG,Zoom/Meet/Teams,Ready,Use Mirror-OFF file with Mirror OFF; use MIRRORED file if Mirror ON,Brand / Ops,,06-Statics/MEETING-BACKDROP-2026-07-29/ready-to-post,2026-07-29,2026-07-30,,Editorial,,,Logo upper-left nudged 20% toward center; hi-res + reverse shipped
ADHD-2026-07-31-didnt-add-up,Sometimes the diagnosis isn't wrong — it's just not the whole picture,Carousel,Instagram,Ready,Bring full history (attention/mood/anxiety/trauma/sleep) to a structured whole-person evaluation — don't stop at the first label that partly fits,Adult ADHD,https://siya.health/answers/adhd-vs-anxiety,05-Carousels/ADHD-2026-07-31-didnt-add-up/ready-to-post,2026-07-31,2026-07-31,,Editorial,Pending clinical stamp (organic OK),,Recognition stories (composites); sibling of conditions-alongside — do not publish same week; series: Real Comments Real Questions
ADHD-2026-07-31-didnt-add-up,ADHD-2026-07-31-didnt-add-up Reel (recognition beats),Reel / Video,Instagram,Ready,Same practical change as carousel — caption restates whole-person evaluation,Adult ADHD,https://siya.health/answers/adhd-vs-anxiety,05-Carousels/ADHD-2026-07-31-didnt-add-up/video-prompt.md,2026-07-31,2026-07-31,,Editorial,,,Produce after carousel has a week of signal
ADHD-2026-07-31-didnt-add-up,Company LinkedIn / social adaptations,Text post,LinkedIn Company,Ready,Whole-person evaluation when picture stays confusing,Adult ADHD,https://siya.health/answers/adhd-vs-anxiety,05-Carousels/ADHD-2026-07-31-didnt-add-up/captions,2026-07-31,2026-07-31,,Editorial,,,Company voice only — no Founder LinkedIn
ADHD-2026-07-31-conditions-alongside,5 Conditions That Often Occur With ADHD,Carousel,Instagram / LinkedIn,Ready,"If symptoms don't fit one diagnosis, pursue comprehensive evaluation covering attention, mood, anxiety, trauma, sleep, eating — do not self-diagnose from social media",Adult ADHD,https://siya.health/blog/conditions-that-occur-with-adhd,05-Carousels/ADHD-2026-07-31-conditions-alongside/ready-to-post,2026-07-31,2026-07-31,,Editorial / Clinical,Pending clinical stamp,,"A-03 photo+cream; evidence: NCS-R, Schiweck BD meta, Spencer PTSD meta, Nazar ED meta; brand lock overrode brief lavender/illustrations; bipolar wording carefully episodic-vs-trait"
ADHD-2026-08-05-adhd-ir-roommates,"ADHD & Insulin Resistance — Roommates, Not Rivals",Carousel,Instagram / LinkedIn,Ready,"If ADHD + metabolic concerns stack (IR ± PCOS), pursue whole-person evaluation — do not treat association as causation or self-diagnose from social media",Adult ADHD,https://siya.health/blog/adhd-and-insulin-resistance,05-Carousels/ADHD-2026-08-05-adhd-ir-roommates/ready-to-post,2026-08-05,2026-08-05,,Editorial / Clinical,Pending clinical stamp,,A-03; Rank 1 from adhd-insulin-resistance-calibration research; association≠causation lock; PCOS slide; CTA ship-gated; subjects 20s video=HeyGen/Supercool paste brief (not Ken Burns)
ADHD-2026-08-05-adhd-ir-questions,What to Ask When ADHD & Insulin Resistance Show Up Together,Carousel,Instagram / LinkedIn,Ready,"Bring clinician questions on attention timeline, metabolic energy, sleep/cycle/mood, and symptom connections — do not self-diagnose",Adult ADHD,https://siya.health/blog/adhd-and-insulin-resistance,05-Carousels/ADHD-2026-08-05-adhd-ir-questions/ready-to-post,2026-08-05,2026-08-05,,Editorial / Clinical,Pending clinical stamp,,A-03; Rank 5 research; bullet copy lock in Visual OS; HeyGen video brief; CTA ship-gated
ADHD-2026-08-05-physical-signs,"Physical Signs of ADHD — Common, Not Diagnostic",Carousel,Instagram / LinkedIn,Ready,Notice physical cues like fidgeting without self-diagnosing — seek structured evaluation for history and impairment,Adult ADHD,https://siya.health/blog/physical-signs-of-adhd,05-Carousels/ADHD-2026-08-05-physical-signs/ready-to-post,2026-08-05,2026-08-05,,Editorial / Clinical,Pending clinical stamp,,A-03; Rank 1 physical-signs research; myth-aware; 2026-08-13 video prompt regen: Format 2 default, no HeyGen/avatar, soft blog CTA, spokenness + See-ya pronunciation
BLOG-2026-08-05-adhd-insulin-resistance,"ADHD and Insulin Resistance: Roommates, Not Rivals",Blog,Website,Ready,"If ADHD + IR stack, pursue whole-person evaluation; do not treat association as causation",Adult ADHD,https://siya.health/blog/adhd-and-insulin-resistance,blog/adhd-and-insulin-resistance.html,2026-08-05,2026-08-05,,Editorial / Clinical,Pending clinical stamp,https://siya.health/blog/adhd-and-insulin-resistance,Pairs carousel ADHD-2026-08-05-adhd-ir-roommates + questions; not live until site deploy
BLOG-2026-08-05-physical-signs-adhd,"Physical Signs of ADHD: Common, Not Diagnostic",Blog,Website,Ready,Notice physical cues without self-diagnosing; seek structured evaluation,Adult ADHD,https://siya.health/blog/physical-signs-of-adhd,blog/physical-signs-of-adhd.html,2026-08-05,2026-08-05,,Editorial / Clinical,Pending clinical stamp,https://siya.health/blog/physical-signs-of-adhd,Pairs carousel ADHD-2026-08-05-physical-signs; not live until site deploy
BLOG-2026-08-05-conditions-with-adhd,Conditions That Commonly Occur With ADHD,Blog,Website,Ready,Pursue comprehensive evaluation when symptoms span mood/anxiety/trauma/eating—not one label only,Adult ADHD,https://siya.health/blog/conditions-that-occur-with-adhd,blog/conditions-that-occur-with-adhd.html,2026-08-05,2026-08-05,,Editorial / Clinical,Pending clinical stamp,https://siya.health/blog/conditions-that-occur-with-adhd,Pairs carousel ADHD-2026-07-31-conditions-alongside; not live until site deploy
ADHD-2026-08-06-pregnancy-meds-nuance,ADHD meds in pregnancy — not a simple yes or no,Carousel,Instagram / Meta,Ready,Talk with prescribing clinician + obstetric team (shared decision; modafinil needs specific caution),Adult ADHD · Women's Health,https://pmc.ncbi.nlm.nih.gov/articles/PMC12702805/,05-Carousels/ADHD-2026-08-06-pregnancy-meds-nuance/ready-to-post,2026-08-06,2026-08-12,,Editorial,Educational approval only (no named clinician),,PubMed/academic Entry B; company voice; Meet & Greet soft CTA; not obstetric care; 2026-08-12 package regen (captions+video; on-frame PNGs unchanged)
ADHD-2026-08-06-pregnancy-meds-nuance,ADHD-2026-08-06-pregnancy-meds-nuance Reel (Meta/TikTok),Reel / Video,Instagram / TikTok / Facebook,Ready,Same practical change as carousel — caption restates care-team decision + modafinil caution,Adult ADHD · Women's Health,https://pmc.ncbi.nlm.nih.gov/articles/PMC12702805/,05-Carousels/ADHD-2026-08-06-pregnancy-meds-nuance/video-prompt.md,2026-08-06,2026-08-12,,Editorial,,,2026-08-12 regen: Format 1 real human (no AI avatar); Format 2 optional; no named clinician
ADHD-2026-08-06-pregnancy-meds-nuance,Company LinkedIn / social adaptations,Text post,LinkedIn Company,Ready,Shared decision with clinicians; avoid yes/no extremes,Adult ADHD · Women's Health,https://pmc.ncbi.nlm.nih.gov/articles/PMC12702805/,05-Carousels/ADHD-2026-08-06-pregnancy-meds-nuance/captions,2026-08-06,2026-08-06,,Editorial,,,Company voice only — no Founder LinkedIn
ADHD-2026-08-11-missed-signs-women,"5 signs of ADHD in women that get missed",Carousel,Instagram / Meta,Ready,Book free Meet & Greet if patterns are longstanding — social media is not a diagnosis,Adult ADHD · Women,https://siya.health/blog/adhd-in-women,05-Carousels/ADHD-2026-08-11-missed-signs-women/ready-to-post,2026-08-11,2026-08-11,,Editorial,,,"A-03 lean; experience-only claims; Meet & Greet close"
ADHD-2026-08-11-missed-signs-women,Missed-signs women Reel (Meta/TikTok),Reel / Video,Instagram / TikTok / Facebook,Ready,Same practical change as carousel — Meet & Greet,Adult ADHD · Women,https://siya.health/blog/adhd-in-women,05-Carousels/ADHD-2026-08-11-missed-signs-women/video-prompt.md,2026-08-11,2026-08-11,,Editorial,,,Produce from video-prompt.md
ADHD-2026-08-11-its-okay-reframe,"It's okay…" ADHD women reframe,Reel / Video,Instagram / TikTok / Facebook,Ready,Book free Meet & Greet — curious ≠ diagnosed,Adult ADHD · Women,https://siya.health/blog/adhd-in-women,07-Video-Prompts/ADHD-2026-08-11-its-okay-reframe-video-prompt.md,2026-08-11,2026-08-11,,Editorial,,,Script approved; HeyGen next
ADHD-2026-08-11-masking-dialogue,ADHD masking dialogue (partner),Reel / Video,Instagram / TikTok / Facebook,Ready,Book free Meet & Greet — masking is expensive,Adult ADHD · Women,https://siya.health/blog/adhd-in-women,07-Video-Prompts/ADHD-2026-08-11-masking-dialogue-video-prompt.md,2026-08-11,2026-08-11,,Editorial,,,Script approved; partner dialogue; HeyGen next
ADHD-2026-07-29-hormones-or-adhd-early40s,Brain fog — hormones or ADHD?,Carousel,Instagram / Meta,Ready,Bring lifelong attention history + mood/hormone context to a clinician (dont coin-flip online),Adult ADHD · Women's Health,https://siya.health/blog/adhd-hormones-women,05-Carousels/ADHD-2026-07-29-hormones-or-adhd-early40s/ready-to-post,2026-07-29,2026-08-12,,Editorial,Educational only (claim-safe hormones language),,Full package regen 2026-08-12; A-03 lean; Format 1 video
ADHD-2026-07-29-hormones-or-adhd-early40s,ADHD-2026-07-29-hormones-or-adhd-early40s Reel,Reel / Video,Instagram / TikTok / Facebook,Ready,Same practical change as carousel,Adult ADHD · Women's Health,https://siya.health/blog/adhd-hormones-women,05-Carousels/ADHD-2026-07-29-hormones-or-adhd-early40s/video-prompt.md,2026-07-29,2026-08-12,,Editorial,,,Format 1 real human; no AI avatar
ADHD-2026-08-13-frozen-at-laptop,Frozen at the laptop,Carousel,Instagram / Meta,Ready,Read EF blog (TOF soft CTA — not Meet & Greet default),Adult ADHD,https://siya.health/blog/executive-dysfunction-adhd,05-Carousels/ADHD-2026-08-13-frozen-at-laptop/ready-to-post,2026-08-13,2026-08-13,,Editorial,Spokenness lock 2026-08-13,,A-03 lean 5 slides; Reddit EF angle paraphrased; company voice; educational only
ADHD-2026-08-13-frozen-at-laptop,ADHD-2026-08-13-frozen-at-laptop Reel (Meta/TikTok),Reel / Video,Instagram / TikTok / Facebook,Ready,Same practical change — caption/blog speak EF recognition + soft guide CTA,Adult ADHD,https://siya.health/blog/executive-dysfunction-adhd,05-Carousels/ADHD-2026-08-13-frozen-at-laptop/video-prompt.md,2026-08-13,2026-08-13,,Editorial,,,Format 2 narration-free default; Format 1 optional upgrade; no AI avatar; no Ken Burns
ADHD-2026-08-13-frozen-at-laptop,Company LinkedIn / social adaptations,Text post,LinkedIn Company,Ready,Read EF blog — recognition not diagnosis,Adult ADHD,https://siya.health/blog/executive-dysfunction-adhd,05-Carousels/ADHD-2026-08-13-frozen-at-laptop/captions,2026-08-13,2026-08-13,,Editorial,,,Company voice only — no Founder LinkedIn
ADHD-2026-08-13-work-not-lazy,“Just lazy” — workplace version,Carousel,Instagram / Meta,Ready,Read you’re-not-lazy blog (TOF soft CTA),Adult ADHD · ADHD at Work,https://siya.health/blog/youre-not-lazy-signs-undiagnosed-adult-adhd,05-Carousels/ADHD-2026-08-13-work-not-lazy/ready-to-post,2026-08-13,2026-08-13,,Editorial,Spokenness lock,,A-03 lean 5 slides; workplace stigma; companion to Format 2 reel
ADHD-2026-08-13-work-not-lazy,“Just lazy” — workplace version,Reel / Video,Instagram / TikTok / Facebook,Ready,Read you’re-not-lazy blog (TOF soft CTA),Adult ADHD · ADHD at Work,https://siya.health/blog/youre-not-lazy-signs-undiagnosed-adult-adhd,05-Carousels/ADHD-2026-08-13-work-not-lazy/ready-to-post,2026-08-13,2026-08-13,,Editorial,,,Format 2 narration-free 7 frames; no AI avatar; workplace stigma angle; soft research line PMC8295111
ADHD-2026-08-13-work-not-lazy,Company LinkedIn / social adaptations,Text post,LinkedIn Company,Ready,Read you’re-not-lazy blog — recognition not diagnosis,Adult ADHD · ADHD at Work,https://siya.health/blog/youre-not-lazy-signs-undiagnosed-adult-adhd,05-Carousels/ADHD-2026-08-13-work-not-lazy/captions,2026-08-13,2026-08-13,,Editorial,,,Company voice only — no Founder LinkedIn
