page,total,medical,editorial,ia,cta,seo,visual,a11y,words,priority,backlog_lt85,geo_landing
blog/adult-adhd-treatment-california-2026.html,76,5,20,15,12,10,9,5,734,P0,YES,Y
blog/adhd-treatment-austin-tx.html,77,23,20,7,9,6,9,3,2142,P1,YES,Y
blog/adhd-treatment-dallas-tx.html,77,23,20,7,9,6,9,3,2404,P1,YES,Y
blog/adhd-treatment-fort-worth-tx.html,77,23,20,7,9,6,9,3,3133,P1,YES,Y
blog/adhd-treatment-houston-tx.html,77,23,20,7,9,6,9,3,2613,P1,YES,Y
blog/adhd-treatment-los-angeles-ca.html,77,23,20,7,9,6,9,3,2779,P1,YES,Y
blog/adhd-treatment-miami-fl.html,77,23,20,7,9,6,9,3,2632,P1,YES,Y
blog/adhd-treatment-oakland-ca.html,77,23,20,7,9,6,9,3,2681,P1,YES,Y
blog/adhd-treatment-orange-county-ca.html,77,23,20,7,9,6,9,3,2725,P1,YES,Y
blog/adhd-treatment-orlando-fl.html,77,23,20,7,9,6,9,3,2617,P1,YES,Y
blog/adhd-treatment-philadelphia-pa.html,77,23,20,7,9,6,9,3,2644,P1,YES,Y
blog/adhd-treatment-sacramento-ca.html,77,23,20,7,9,6,9,3,2701,P1,YES,Y
blog/adhd-treatment-san-antonio-tx.html,77,23,20,7,9,6,9,3,2974,P1,YES,Y
blog/adhd-treatment-san-diego-ca.html,77,23,20,7,9,6,9,3,2688,P1,YES,Y
blog/adhd-treatment-san-francisco-ca.html,77,23,20,7,9,6,9,3,2669,P1,YES,Y
blog/adhd-treatment-san-jose-ca.html,77,23,20,7,9,6,9,3,2674,P1,YES,Y
blog/adhd-treatment-texas.html,77,23,20,7,9,6,9,3,2956,P1,YES,Y
adhd-screening-results.html,86,25,16,15,9,7,9,5,182,P2,NO,N
prescriptions.html,86,25,16,15,9,7,9,5,137,P2,NO,N
labs/a1c-blood-sugar.html,88,25,18,15,9,7,9,5,504,P2,NO,N
labs/fatigue-brain-fog.html,88,25,18,15,9,7,9,5,590,P2,NO,N
labs/iron-ferritin.html,88,25,18,15,9,7,9,5,499,P2,NO,N
labs/mens-health.html,88,25,18,15,9,7,9,5,515,P2,NO,N
labs/thyroid.html,88,25,18,15,9,7,9,5,480,P2,NO,N
labs/vitamin-b12.html,88,25,18,15,9,7,9,5,480,P2,NO,N
labs/womens-midlife.html,88,25,18,15,9,7,9,5,493,P2,NO,N
pricing.html,88,25,18,15,9,7,9,5,506,P2,NO,N
answers/glp-1-nausea-management.html,89,25,15,13,15,7,9,5,494,P2,NO,N
answers/who-qualifies-glp-1-weight-loss.html,89,25,15,13,15,7,9,5,511,P2,NO,N
siya-circle.html,89,25,16,15,15,4,9,5,116,P2,NO,N
womens-health.html,89,25,18,13,9,10,9,5,753,P2,NO,N
adhd-diagnosis-austin.html,90,25,20,9,15,7,9,5,443,P2,NO,Y
adhd-diagnosis-florida.html,90,25,20,9,15,7,9,5,479,P2,NO,Y
adhd-diagnosis-houston.html,90,25,20,9,15,7,9,5,436,P2,NO,Y
adhd-diagnosis-pennsylvania.html,90,25,20,9,15,7,9,5,454,P2,NO,Y
adhd-diagnosis-philadelphia.html,90,25,20,9,15,7,9,5,444,P2,NO,Y
adhd-diagnosis-texas.html,90,25,20,9,15,7,9,5,460,P2,NO,Y
adhd-treatment-online.html,90,25,14,15,15,7,9,5,265,P2,NO,N
labs/adhd-support.html,90,25,20,15,9,7,9,5,410,P2,NO,N
labs/how-to-read-results.html,90,25,20,15,9,7,9,5,425,P2,NO,N
online-adhd-test.html,90,25,14,15,15,7,9,5,262,P2,NO,N
providers/wendy-delgado.html,90,25,20,15,9,7,9,5,586,P2,NO,N
blog/compounded-vs-branded-glp1-medications.html,91,25,18,15,9,10,9,5,2161,P2,NO,N
blog/food-noise-and-glp-1-what-it-means-and-what-helps.html,91,25,18,15,9,10,9,5,3355,P2,NO,N
blog/free-testosterone-vs-total-testosterone-what-patients-should-know.html,91,25,18,15,9,10,9,5,2560,P2,NO,N
blog/glp1-side-effects-and-how-to-manage-them.html,91,25,18,15,9,10,9,5,1981,P2,NO,N
blog/how-mental-health-affects-weight-loss-outcomes.html,91,25,18,15,9,10,9,5,1880,P2,NO,N
blog/insomnia-treatment-options-beyond-medication.html,91,25,18,15,9,10,9,5,1921,P2,NO,N
blog/insulin-resistance-and-weight-loss-clinician-overview.html,91,25,18,15,9,10,9,5,2887,P2,NO,N
blog/medical-weight-loss-vs-dieting-what-actually-works.html,91,25,18,15,9,10,9,5,1932,P2,NO,N
blog/minoxidil-for-hair-loss-does-it-work.html,91,25,18,15,9,10,9,5,2126,P2,NO,N
blog/oral-vs-injectable-weight-loss-medications.html,91,25,18,15,9,10,9,5,2090,P2,NO,N
blog/oral-vs-topical-minoxidil-which-is-right.html,91,25,18,15,9,10,9,5,2010,P2,NO,N
blog/phentermine-for-weight-loss-safety-and-effectiveness.html,91,25,18,15,9,10,9,5,2044,P2,NO,N
blog/semaglutide-for-weight-loss-how-it-works.html,91,25,18,15,9,10,9,5,2507,P2,NO,N
blog/sildenafil-for-erectile-dysfunction-what-to-expect.html,91,25,18,15,9,10,9,5,2055,P2,NO,N
blog/tirzepatide-vs-semaglutide-which-is-better.html,91,25,18,15,9,10,9,5,2320,P2,NO,N
blog/vyvanse-vs-adderall-differences.html,91,25,18,15,9,10,9,5,1485,P2,NO,N
blog/when-is-testosterone-therapy-appropriate.html,91,25,18,15,9,10,9,5,1937,P2,NO,N
blog/why-am-i-always-tired-causes-when-to-see-doctor.html,91,25,18,15,9,10,9,5,2783,P2,NO,N
index.html,91,25,18,15,9,10,9,5,1037,P2,NO,N
labs/preventive.html,91,25,18,15,9,10,9,5,600,P2,NO,N
mens-health-longevity.html,91,25,18,15,9,10,9,5,671,P2,NO,N
weight-loss-metabolic-health.html,91,25,18,15,9,10,9,5,1154,P2,NO,N
womens-midlife-health.html,91,25,20,13,9,10,9,5,1812,P2,NO,N
blog/telehealth.html,92,25,16,15,15,7,9,5,126,Monitor,NO,N
blog/weight-loss.html,92,25,16,15,15,7,9,5,164,Monitor,NO,N
about.html,93,25,20,15,9,10,9,5,697,Monitor,NO,N
adhd-care.html,93,25,20,15,9,10,9,5,1445,Monitor,NO,N
blog/adhd-and-binge-eating.html,93,25,20,15,9,10,9,5,2112,Monitor,NO,N
blog/adhd-brain-imaging-subtypes.html,93,25,20,15,9,10,9,5,3482,Monitor,NO,N
blog/adhd-hormones-women.html,93,25,20,15,9,10,9,5,2036,Monitor,NO,N
blog/adhd-in-women.html,93,25,20,15,9,10,9,5,4465,Monitor,NO,N
blog/adhd-medication-daily-or-as-needed-adults.html,93,25,20,15,12,7,9,5,594,Monitor,NO,N
blog/adhd-telehealth-california.html,93,25,20,15,12,7,9,5,566,Monitor,NO,Y
blog/adhd-testing-online-california-screening-vs-evaluation.html,93,25,20,15,12,7,9,5,582,Monitor,NO,Y
blog/executive-dysfunction-adhd.html,93,25,20,15,9,10,9,5,4607,Monitor,NO,N
blog/iron-deficiency-brain-fog-adhd.html,93,25,20,15,9,10,9,5,4290,Monitor,NO,N
blog/medical-weight-loss-glp1-semaglutide-texas.html,93,25,20,15,9,10,9,5,1136,Monitor,NO,Y
blog/online-adhd-diagnosis-california.html,93,25,20,15,9,10,9,5,975,Monitor,NO,Y
blog/perimenopause-brain-fog.html,93,25,20,15,9,10,9,5,1971,Monitor,NO,N
blog/pots-and-adhd.html,93,25,20,15,9,10,9,5,3798,Monitor,NO,N
blog/sleep-apnea-fatigue-metabolic-risk-when-snoring-is-not-benign.html,93,25,20,15,9,10,9,5,2377,Monitor,NO,N
blog/youre-not-lazy-signs-undiagnosed-adult-adhd.html,93,25,20,15,9,10,9,5,1105,Monitor,NO,N
book-appointment.html,93,25,20,15,9,10,9,5,203,Monitor,NO,N
labs.html,93,25,20,15,9,10,9,5,1676,Monitor,NO,N
primary-urgent-care.html,93,25,20,15,9,10,9,5,1125,Monitor,NO,N
providers/derek-timbs.html,93,25,20,15,9,10,9,5,607,Monitor,NO,N
providers/dr-natasha-desai.html,93,25,20,15,9,10,9,5,708,Monitor,NO,N
providers/dr-sneh-pandey.html,93,25,20,15,9,10,9,5,863,Monitor,NO,N
providers/dr-swati-pandey.html,93,25,20,15,9,10,9,5,715,Monitor,NO,N
providers/dr-vanessa-urbina.html,93,25,20,15,9,10,9,5,655,Monitor,NO,N
providers/index.html,93,25,20,15,9,10,9,5,430,Monitor,NO,N
providers/megan-wunderlich.html,93,25,20,15,9,10,9,5,605,Monitor,NO,N
telehealth.html,93,25,20,15,9,10,9,5,957,Monitor,NO,N
adhd-evaluation-cost.html,94,25,18,15,15,7,9,5,404,Monitor,NO,N
adhd-screening.html,94,25,20,15,15,5,9,5,445,Monitor,NO,N
adult-adhd-diagnosis.html,94,25,18,15,15,7,9,5,527,Monitor,NO,N
answers/adderall-vs-vyvanse-adults.html,94,25,20,13,15,7,9,5,545,Monitor,NO,N
answers/adhd-and-weight-loss-connection.html,94,25,20,13,15,7,9,5,504,Monitor,NO,N
answers/adhd-in-women.html,94,25,20,13,15,7,9,5,517,Monitor,NO,N
answers/adhd-medication-every-day.html,94,25,20,13,15,7,9,5,514,Monitor,NO,N
answers/adhd-medication-side-effects.html,94,25,20,13,15,7,9,5,588,Monitor,NO,N
answers/asrs-adhd-screening-explained.html,94,25,20,13,15,7,9,5,505,Monitor,NO,N
answers/can-you-get-adhd-medication-online.html,94,25,20,13,15,7,9,5,463,Monitor,NO,N
answers/compounded-vs-branded-glp-1.html,94,25,20,13,15,7,9,5,533,Monitor,NO,N
answers/ed-telehealth-legitimate.html,94,25,20,13,15,7,9,5,418,Monitor,NO,N
answers/executive-dysfunction-adhd.html,94,25,20,13,15,7,9,5,509,Monitor,NO,N
answers/food-noise-returned-on-glp-1.html,94,25,15,15,15,10,9,5,1301,Monitor,NO,N
answers/fsa-hsa-adhd-evaluation.html,94,25,20,13,15,7,9,5,512,Monitor,NO,N
answers/high-functioning-adhd.html,94,25,20,13,15,7,9,5,496,Monitor,NO,N
answers/how-long-adhd-evaluation.html,94,25,20,13,15,7,9,5,467,Monitor,NO,N
answers/how-much-does-adhd-testing-cost.html,94,25,20,13,15,7,9,5,476,Monitor,NO,N
answers/is-adhd-medication-safe-long-term.html,94,25,20,13,15,7,9,5,541,Monitor,NO,N
answers/late-adhd-diagnosis-adults.html,94,25,20,13,15,7,9,5,526,Monitor,NO,N
answers/medical-weight-loss-vs-dieting.html,94,25,20,13,15,7,9,5,517,Monitor,NO,N
answers/oral-vs-topical-minoxidil.html,94,25,20,13,15,7,9,5,460,Monitor,NO,N
answers/rejection-sensitivity-adhd.html,94,25,20,13,15,7,9,5,515,Monitor,NO,N
answers/screening-vs-adhd-evaluation.html,94,25,20,13,15,7,9,5,524,Monitor,NO,N
answers/semaglutide-weight-loss-how-it-works.html,94,25,15,15,15,10,9,5,984,Monitor,NO,N
answers/signs-of-sleep-apnea-in-adults.html,94,25,20,13,15,7,9,5,598,Monitor,NO,N
answers/telehealth-adhd-california.html,94,25,20,13,15,7,9,5,513,Monitor,NO,Y
answers/telehealth-adhd-texas.html,94,25,20,13,15,7,9,5,474,Monitor,NO,Y
answers/testosterone-and-adhd-overlap.html,94,25,20,13,15,7,9,5,460,Monitor,NO,N
answers/time-blindness-adhd.html,94,25,20,13,15,7,9,5,515,Monitor,NO,N
answers/what-does-low-testosterone-feel-like.html,94,25,20,13,15,7,9,5,471,Monitor,NO,N
answers/what-included-199-adhd-evaluation.html,94,25,20,13,15,7,9,5,528,Monitor,NO,N
blog/adderall-for-adhd-how-it-works.html,94,25,18,15,12,10,9,5,1806,Monitor,NO,N
blog/adhd-medication-options-for-adults.html,94,25,18,15,12,10,9,5,1470,Monitor,NO,N
blog/adhd-medication-side-effects-what-to-expect.html,94,25,18,15,12,10,9,5,1389,Monitor,NO,N
blog/how-adhd-medication-is-prescribed-online.html,94,25,18,15,12,10,9,5,1362,Monitor,NO,N
blog/how-to-safely-get-prescriptions-online.html,94,25,18,15,12,10,9,5,1912,Monitor,NO,N
blog/is-adhd-medication-safe-long-term.html,94,25,18,15,12,10,9,5,1451,Monitor,NO,N
blog/non-stimulant-adhd-medications-explained.html,94,25,18,15,12,10,9,5,1360,Monitor,NO,N
blog/telehealth-prescriptions-how-online-treatment-works.html,94,25,18,15,12,10,9,5,1962,Monitor,NO,N
creyos-adhd-testing.html,94,25,18,15,15,7,9,5,422,Monitor,NO,N
blog/adhd-evaluation-california-online-vs-in-person.html,96,25,20,15,12,10,9,5,661,Monitor,NO,Y
blog/adhd-evaluation-cost-texas.html,96,25,20,15,12,10,9,5,678,Monitor,NO,Y
blog/adhd-medication-online-california.html,96,25,20,15,12,10,9,5,668,Monitor,NO,Y
blog/adhd-medication-options-california.html,96,25,20,15,12,10,9,5,926,Monitor,NO,Y
blog/adhd-symptoms-overlooked.html,96,25,20,15,12,10,9,5,775,Monitor,NO,N
blog/adult-adhd-symptoms-california.html,96,25,20,15,12,10,9,5,1027,Monitor,NO,Y
blog/how-to-choose-adhd-provider-california.html,96,25,20,15,12,10,9,5,727,Monitor,NO,Y
blog/how-to-know-if-you-have-adhd-adult.html,96,25,20,15,12,10,9,5,753,Monitor,NO,N
blog/is-online-adhd-diagnosis-legit.html,96,25,20,15,12,10,9,5,912,Monitor,NO,N
blog/online-adhd-diagnosis-texas.html,96,25,20,15,12,10,9,5,851,Monitor,NO,Y
legal/controlled-substance-treatment-agreement/index.html,96,25,18,15,15,10,8,5,839,Monitor,NO,N
legal/cookie-policy/index.html,96,25,18,15,15,10,8,5,481,Monitor,NO,N
legal/index.html,96,25,18,15,15,10,8,5,160,Monitor,NO,N
legal/notice-of-privacy-practices/index.html,96,25,18,15,15,10,8,5,1557,Monitor,NO,N
legal/privacy-policy/index.html,96,25,18,15,15,10,8,5,2880,Monitor,NO,N
legal/terms-of-use/index.html,96,25,18,15,15,10,8,5,4498,Monitor,NO,N
privacy-policy.html,96,25,20,15,12,10,9,5,70,Monitor,NO,N
terms.html,96,25,20,15,12,10,9,5,80,Monitor,NO,N
redirect/adhd-evaluation/index.html,97,25,20,15,15,10,8,4,40,Monitor,NO,N
redirect/adhd-walkthrough/index.html,97,25,20,15,15,10,8,4,70,Monitor,NO,N
redirect/chat/index.html,97,25,20,15,15,10,8,4,49,Monitor,NO,N
redirect/meet-greet/index.html,97,25,20,15,15,10,8,4,70,Monitor,NO,N
adult-adhd-screening-california.html,99,25,20,15,15,10,9,5,1234,Monitor,NO,Y
answers/adhd-vs-anxiety.html,99,25,20,15,15,10,9,5,941,Monitor,NO,N
answers/adhd-vs-burnout.html,99,25,20,15,15,10,9,5,1022,Monitor,NO,N
answers/afternoon-energy-crash-after-lunch.html,99,25,20,15,15,10,9,5,1266,Monitor,NO,N
answers/brain-fog-after-eating.html,99,25,20,15,15,10,9,5,1250,Monitor,NO,N
answers/can-adhd-be-diagnosed-online.html,99,25,20,15,15,10,9,5,795,Monitor,NO,N
answers/can-adhd-cause-anxiety.html,99,25,20,15,15,10,9,5,822,Monitor,NO,N
answers/can-sleep-apnea-cause-fatigue.html,99,25,20,15,15,10,9,5,604,Monitor,NO,N
answers/glp-1-side-effects.html,99,25,20,15,15,10,9,5,980,Monitor,NO,N
answers/high-shbg-low-free-testosterone.html,99,25,20,15,15,10,9,5,1196,Monitor,NO,N
answers/how-online-prescriptions-work.html,99,25,20,15,15,10,9,5,773,Monitor,NO,N
answers/index.html,99,25,20,15,15,10,9,5,883,Monitor,NO,N
answers/insulin-resistance-without-diabetes.html,99,25,20,15,15,10,9,5,838,Monitor,NO,N
answers/is-online-adhd-diagnosis-legitimate.html,99,25,20,15,15,10,9,5,858,Monitor,NO,N
answers/is-telehealth-legitimate.html,99,25,20,15,15,10,9,5,777,Monitor,NO,N
answers/meet-and-greet-telehealth-expectations.html,99,25,20,15,15,10,9,5,796,Monitor,NO,N
answers/normal-a1c-insulin-resistance.html,99,25,20,15,15,10,9,5,910,Monitor,NO,N
answers/poor-sleep-feels-like-adhd.html,99,25,20,15,15,10,9,5,1131,Monitor,NO,N
answers/signs-of-adult-adhd.html,99,25,20,15,15,10,9,5,859,Monitor,NO,N
answers/starting-adhd-medication-adults.html,99,25,20,15,15,10,9,5,895,Monitor,NO,N
answers/trt-monitoring-requirements.html,99,25,20,15,15,10,9,5,839,Monitor,NO,N
answers/weight-gain-after-stopping-ozempic.html,99,25,20,15,15,10,9,5,1254,Monitor,NO,N
answers/what-is-food-noise.html,99,25,20,15,15,10,9,5,911,Monitor,NO,N
answers/what-is-free-testosterone.html,99,25,20,15,15,10,9,5,822,Monitor,NO,N
answers/what-is-insulin-resistance.html,99,25,20,15,15,10,9,5,1014,Monitor,NO,N
answers/what-to-do-after-lab-results.html,99,25,20,15,15,10,9,5,1109,Monitor,NO,N
answers/when-is-testosterone-therapy-appropriate.html,99,25,20,15,15,10,9,5,843,Monitor,NO,N
answers/which-preventive-blood-tests-adults.html,99,25,20,15,15,10,9,5,1217,Monitor,NO,N
answers/why-am-i-tired-even-after-sleeping.html,99,25,20,15,15,10,9,5,670,Monitor,NO,N
answers/why-normal-labs-dont-mean-healthy.html,99,25,20,15,15,10,9,5,1315,Monitor,NO,N
blog/adhd.html,99,25,20,15,15,10,9,5,664,Monitor,NO,N
blog/index.html,99,25,20,15,15,10,9,5,709,Monitor,NO,N
intake/index.html,99,25,20,15,15,10,9,5,156,Monitor,NO,N
